"gene","cope"
"C11orf16",NA
"CLEC1B",NA
"CXCL10",NA
"CXCR2",NA
"LRRC15",NA
"LRRC71",NA
"MAGEA12",NA
"MYH1",NA
"OTP",NA
"PLEKHS1",NA
"RFPL4B",NA
"RTL1",NA
"SLCO1B3",NA
"HOXC5",NA
"IRX4",NA
"KDM5D",NA
"NPS",NA
"SERPINA3",NA
"UCN3",NA
"USP9Y",NA
"BICDL1",NA
"CCL3L3",NA
"PMCH",NA
"ATOH1",NA
"CALCA",NA
"CAPZA3",NA
"DEFB112",NA
"EVX1",NA
"EVX2",NA
"FGF3",NA
"HOXA2",NA
"LCN9",NA
"LGALS16",NA
"MCIDAS",NA
"OR6C74",NA
"OR7G1",NA
"PHOX2A",NA
"PRG3",NA
"SERPINA5",NA
"SMIM23",NA
"TLX3",NA
"OR9K2",NA
"PPY",NA
"WNT3A",NA
"ADGRD2",NA
"CROCC2",NA
"CCDC187",NA
"WNT1",NA
"MFRP",NA
"MUC12",-0.0845149674973725
"TXNIP",-0.0824742352968402
"CA9",-0.0807466444839058
"YWHAZ",-0.0758482271157585
"NLRP3",-0.0669012512496331
"ELL2",-0.0621798168919474
"LIN7C",-0.0620672528854831
"NR4A3",-0.0580526392475948
"F2RL2",-0.0579490233431441
"TP53INP2",-0.0522978888051652
"TMC8",-0.0520309532738463
"IL1R1",-0.0519220238237548
"TLR10",-0.0495528593666338
"TLR5",-0.0483175878642425
"RAB30",-0.0481998784865445
"RBM5",-0.0473507363306811
"CEMP1",-0.0468060957525312
"ZDHHC17",-0.0460033341855823
"LHX5",-0.0452075351823345
"MFHAS1",-0.0441914471931453
"APOD",-0.0433119102169042
"SLC15A5",-0.0428749428465666
"ZNF638",-0.0406640201951767
"ZFP90",-0.0406297869271186
"VGLL3",-0.0405622642349549
"MEST",-0.0405170933137507
"ZNF532",-0.0400213678117162
"HEMGN",-0.0395589914249931
"NUDT3",-0.0385195132569379
"DHX8",-0.0376198250961271
"SLC28A2",-0.0375331527626097
"NUP210L",-0.0375250694716443
"IGSF1",-0.0374024041014693
"ZKSCAN4",-0.0373950981843427
"PUM2",-0.0371291025902031
"VAMP5",-0.03649832251891
"ZBTB41",-0.0362389442070412
"OASL",-0.036219011133117
"XPO7",-0.0354798660920452
"CCL5",-0.0353616108435427
"DOK2",-0.0345018050156548
"ZNF518B",-0.0343528968666233
"PLXND1",-0.0339387815066607
"NPSR1",-0.0325627406230684
"FNDC1",-0.0324735796210126
"RSPO1",-0.0323641001168861
"DNAJA4",-0.0322750766775192
"BARHL1",-0.0322708886204315
"TSC1",-0.0320547491268883
"FAM9C",-0.0314576865642468
"CDC20B",-0.0312784097067852
"CCDC141",-0.0307507421749685
"CLK1",-0.0305570771461347
"HSD11B2",-0.0304553337626731
"TMC3",-0.0303895868399925
"FOXQ1",-0.0298596343746242
"TH",-0.0298451847107111
"FAT2",-0.0296711254782028
"SLC6A20",-0.0295646868988178
"UBA6",-0.0284807160627604
"APBB1IP",-0.028405993681143
"FRMPD2",-0.0282932307669115
"PCDH12",-0.0282905663921125
"TDO2",-0.0268014583621714
"SIX2",-0.0266414359246784
"MAB21L2",-0.0265551611486945
"MUC6",-0.0264850131296163
"TM9SF2",-0.0263006427849855
"ALPL",-0.0262727481994828
"AHSP",-0.0262225743871938
"GMNC",-0.0262037809709695
"FOLR1",-0.025410261985808
"ZNF662",-0.0251917432192877
"DHRS2",-0.0251788600678976
"ITGB2",-0.0250935209877455
"DUSP1",-0.0250541819231356
"ZNF197",-0.0250539630975838
"C1QL4",-0.0245488118002893
"P2RY12",-0.0242808431861601
"TRPC6",-0.0242141262323984
"SULT1E1",-0.0238104260555028
"SAMSN1",-0.0237020118696222
"SOX14",-0.0233687680251126
"VEZT",-0.0233047759224311
"SLC18A2",-0.0228092307872476
"TNMD",-0.022760750966511
"SENP7",-0.0225930390927737
"WDR48",-0.0223872971026972
"FPR1",-0.0223806385712586
"DPEP1",-0.0222783166020187
"BARHL2",-0.0222326279927094
"BMP3",-0.0222153795197105
"ALDH1A3",-0.0221514516897449
"C3AR1",-0.0220623119736907
"ZNF565",-0.0219313233587747
"OLIG3",-0.0218380997885553
"RNASE6",-0.021489887225957
"SMURF2",-0.021302576661947
"CCL4L2",-0.020998370642488
"ZNF160",-0.0208928846030054
"MNDA",-0.0206789835353259
"USP9X",-0.0205719235478115
"ZNF211",-0.0205421180248937
"LAPTM5",-0.0205153104306418
"TMIGD3",-0.0204522606511695
"MYZAP",-0.0204130229060336
"GPR17",-0.0202032622321262
"LY86",-0.0201647080494311
"POU2F3",-0.0200435520521046
"TREM1",-0.0199311287877695
"PTPRC",-0.0198009047127571
"IGSF6",-0.019673819286855
"SNX27",-0.0196543195409083
"AMDHD1",-0.019576737419191
"FCGR3A",-0.0195766502206003
"ATP13A5",-0.0193835789278166
"SLC34A2",-0.0193503673233257
"SAMD11",-0.0191844242064942
"ZNF568",-0.0190790680384118
"HSP90AA1",-0.019071445877963
"IFI30",-0.0188259809172039
"TRAFD1",-0.0187459396520628
"SLC6A2",-0.0185403034996317
"SLC47A2",-0.0185214650049797
"ALAS2",-0.0184699312966084
"RS1",-0.0184465614185757
"SERPINA1",-0.0182171486619767
"GP9",-0.0181811554535437
"CCNO",-0.0179345065108011
"PLD4",-0.0178860165304014
"RXFP2",-0.0177028080547881
"MUC17",-0.0175555351530607
"UBXN2B",-0.0174000850612755
"TTPAL",-0.0173061170091352
"SPATA1",-0.0172766085454086
"NCOA4",-0.0172627425449379
"HCST",-0.0172502866569491
"ODF3B",-0.017061208107863
"SELL",-0.0170567438124246
"MLIP",-0.0170073623895016
"GSX2",-0.016909724700352
"CYP24A1",-0.0168982078430057
"KMT2C",-0.0168780445214163
"DPYSL2",-0.0168749327159589
"PHOSPHO1",-0.0168552548045776
"TLR4",-0.0167912892198022
"SOD3",-0.016576222082575
"PRDM13",-0.0161938113063127
"GCNT7",-0.0161621443686178
"ACY3",-0.0159185484052912
"KLHL24",-0.0158271515262565
"APOBEC2",-0.0157157295549034
"AFDN",-0.0156819531217069
"TLR7",-0.0156101724762069
"SRPX2",-0.0156044470006399
"CD84",-0.0154904967365098
"SCYL2",-0.0154687892823527
"KYNU",-0.0154306739547973
"TWIST1",-0.0154239912420129
"CD69",-0.015285129196369
"TNFSF14",-0.0152272830614474
"IRGQ",-0.0152116228213236
"ADAMTS15",-0.0150619858447774
"CLEC4A",-0.0150522847141178
"BCL2A1",-0.0150427891523699
"ZNF585B",-0.0148691007215006
"LY75",-0.0148185886788036
"OGN",-0.0147437801786019
"CHORDC1",-0.0146388036358599
"RGS1",-0.0146205313290604
"ZFP37",-0.0144334707603092
"FAM216B",-0.0143681670624381
"SLC14A1",-0.0142411576949184
"KLB",-0.0141125538482636
"KLK4",-0.0140740316045236
"CLIC6",-0.0140690156375524
"HBM",-0.0139888306065827
"TTLL10",-0.0139446185454088
"INSC",-0.0138425932131091
"TBX5",-0.0135572381064497
"OMD",-0.0132837063184821
"ZNF117",-0.0131818734882456
"FRMD7",-0.0129216922997638
"VSIG4",-0.0129171385779875
"SIX1",-0.0129163649787187
"UBR2",-0.0128898054371123
"TOX4",-0.0127934594491208
"CD70",-0.0124018467021081
"LMX1A",-0.0123312388874409
"WDFY4",-0.0121944956422451
"SHOX",-0.0121944939368215
"ECSCR",-0.0120745803040817
"PBX1",-0.0120063590257845
"DBH",-0.0120004918795215
"SUCNR1",-0.0119436588746569
"C7",-0.0118664099738477
"MPZL2",-0.0118664082648866
"C10orf105",-0.0116844708691069
"OLAH",-0.0116844697720179
"SLC16A12",-0.0115967680343391
"HELT",-0.0113775230710884
"LY9",-0.0113070807399297
"SOX17",-0.0113070780676352
"TAOK1",-0.0113043832729222
"LHX1",-0.0111755171269285
"HBB",-0.0111308555898545
"TNFAIP6",-0.0110555760227594
"SCGB3A2",-0.0110247240392184
"NECTIN3",-0.0110179435449023
"TYROBP",-0.0108330762806514
"RBP2",-0.0105701722869277
"ROBO3",-0.0104640495181278
"SPATA12",-0.0104443713412281
"CD52",-0.0102637385378477
"GMFB",-0.0102484636607526
"MS4A2",-0.0101921006321495
"IL7R",-0.0100721081088931
"LCK",-0.0100214579848652
"ZNF10",-0.00988525636130467
"YTHDF3",-0.00980798207578579
"CALCR",-0.00979844181762983
"ZNF202",-0.00972111637353987
"CSAG1",-0.00956841802257666
"TCP1",-0.00944748572019517
"CXCL1",-0.00936359857651695
"PIK3C3",-0.0093530202541358
"GPIHBP1",-0.00927225489813804
"OR5AU1",-0.00922480683999852
"WNT8B",-0.00912808982430713
"BRS3",-0.00903942955304258
"ISL1",-0.00874747902691567
"CCDC190",-0.00874747787066326
"APOBEC4",-0.00873648382278805
"RBM46",-0.00873648382278805
"ALX4",-0.00873648209926471
"INSL6",-0.00873648209926471
"ALOX5AP",-0.00873305523514927
"ARHGAP4",-0.00867788042289237
"PHOX2B",-0.00863211427942411
"MXD1",-0.00858449726766857
"KLF1",-0.00848975000418982
"SIGLEC10",-0.00842737140626598
"MMP7",-0.00836981940767864
"PTGER2",-0.00836981699688965
"ARHGDIB",-0.00824939181752886
"PITX2",-0.00821870320778286
"TRPM1",-0.00818768180110956
"LTF",-0.00818767994114127
"CFAP99",-0.0080155740472122
"C9orf57",-0.0079702861204758
"CFAP157",-0.00787878404362285
"TRPM8",-0.00770693698709786
"OCA2",-0.00765386684487267
"HECA",-0.00749261131726987
"TDRD15",-0.00737604496806815
"EMCN",-0.00721939109805795
"PAX8",-0.00721726237968858
"SERPINE3",-0.00717444964758086
"SLC1A7",-0.00715131303440768
"CD3G",-0.00712437954722988
"NCAN",-0.00700308405513518
"VSTM1",-0.00691987783286313
"GJB1",-0.00689382242059767
"TYMP",-0.00678744526338619
"C1orf146",-0.00668103137338211
"SLFN14",-0.00661049756096399
"OSR2",-0.00617766515977769
"TRIM31",-0.00617766515977769
"FMO3",-0.00616216243983663
"CXCL11",-0.00608581472585456
"CDSN",-0.00591095434877622
"MUC5AC",-0.00580786611599768
"TMEM72",-0.00580786522864169
"PIK3AP1",-0.0057697316477908
"STOML3",-0.00576418266943579
"LHX8",-0.00576417965596859
"PCDHA3",-0.00565342293848252
"EXOC1",-0.00553278455879518
"UBR4",-0.00552948159952719
"SVOPL",-0.00539844628814559
"ETV3L",-0.00536688383702744
"MMP1",-0.00533994950941711
"CLDN2",-0.00533325002621897
"TMPRSS11A",-0.00521239012439776
"DDX53",-0.00503139603747907
"SLC28A3",-0.00502508814515006
"ADIPOQ",-0.00486552003175029
"XPNPEP2",-0.00486552003175029
"TFAP2A",-0.00455790189044014
"PRTG",-0.00455190861481237
"COPA",-0.00444642765219786
"FCER1A",-0.00436554078980248
"CLEC10A",-0.00436553790458852
"IL6",-0.00435185681455609
"BPIFB2",-0.00435185681455609
"KERA",-0.00417706038274235
"HTR1D",-0.00401596211835566
"AGXT",-0.00398017221870428
"CD48",-0.00397019573476533
"CDX1",-0.00377355382478971
"SERINC1",-0.00376643866221829
"SLC40A1",-0.00361718991933455
"LYPD1",-0.00322112524520499
"CPB2",-0.00280559718283233
"MMP9",-0.00280559718283233
"NAA25",-0.00273774500859929
"PLA2G7",-0.00269632822193444
"TMEM229A",-0.00257566921381961
"CCL4",-0.00240434125573747
"GMFG",-0.00204825594099095
"CEP95",-0.00203122995825306
"MRC1",-0.00194977661505613
"TSPYL1",-0.00143347867201775
"PODN",-0.00130007866671835
"S100A12",-0.00125156445556946
"MPZL3",-0.00108326083549976
"SPOCD1",-0.00101448486230269
"SPTAN1",-0.00100175588237009
"CYP1B1",-0.000929385603209261
"OAS1",-0.000851142109496138
"GXYLT2",-0.000639179010327966
"PCBD2",-0.000257449081186658
"ZNF829",-0.000224274478779006
"SKIL",6.85299766507625e-05
"PLVAP",0.000836847734749218
"FIBCD1",0.00093611693103217
"FLT1",0.00124671802148196
"ACVR1C",0.00133666680368654
"AP1G1",0.00135656920421458
"ZNF433",0.00144954090986461
"RIPPLY3",0.00211495910520848
"TMEM71",0.00220069268526087
"SLC15A3",0.00238378827231797
"KCNJ13",0.00249336770436626
"GPRASP2",0.00276439525323388
"FTL",0.00283491866844801
"GPI",0.0028487559798301
"DLK1",0.00332179474039948
"ZNF134",0.00357259549805331
"PHACTR1",0.00364174713007193
"PLCZ1",0.00391215002449675
"TMEM33",0.00394370972359142
"IL32",0.00433955907199914
"CLEC14A",0.00446715192440347
"TYRP1",0.00512542924410698
"CRHBP",0.00512977191675487
"CD34",0.00524759976580261
"TFAP2B",0.00535500209017782
"ZNF266",0.00581361580454381
"ZBTB26",0.00586087988403127
"ZNF142",0.00601195775855209
"PRDM6",0.00631720532830002
"UBXN7",0.00643666374829664
"ZNF823",0.00661121414989474
"PCDHB11",0.00674522481096511
"ZNF292",0.00699456534766143
"HPX",0.00732209316103564
"RAPGEF6",0.00740065394356044
"TMEM255B",0.00775139849863896
"RAC2",0.00778018918237896
"TBC1D23",0.00783024460086961
"FCGR1A",0.00783780654373385
"HBG1",0.0078959413545518
"INSM2",0.00815632587020995
"GREM1",0.00826113640234612
"HBZ",0.00833603481133537
"CSF3R",0.00844338344417288
"GPR143",0.00851845789149517
"NEO1",0.00863476311954888
"ZNF280B",0.00881749109856951
"TTC3",0.00896415036538172
"PLEKHA3",0.00916965316477909
"PLPPR4",0.00944066643164729
"DLD",0.00946015431334746
"WDR91",0.0095635588657429
"BMP5",0.00973728100360691
"FOSB",0.0098969540987653
"BLID",0.0101624587110602
"ZNF548",0.0101862793244611
"TC2N",0.0104435270227193
"OAS2",0.0106464942589285
"ZFP62",0.0106618405858679
"PRND",0.0107528787640874
"CD68",0.0108178646410078
"CIITA",0.0110096910514448
"HDC",0.0110131665272202
"ADAMTS3",0.0110635898492734
"CYBB",0.0111109458198716
"SPIN4",0.011526348284251
"ZNF606",0.0115265562534608
"MC4R",0.0117531648848468
"WDR47",0.011877195525734
"MAB21L1",0.0118806481341289
"SP5",0.0119780245691435
"HECTD3",0.0120712773680398
"C1QA",0.0123534438521407
"GBP2",0.0123641931284584
"OLFML1",0.0124292363923018
"CX3CR1",0.0124769166852152
"ZNF8",0.0126600227558992
"NRG1",0.012672646456032
"PLCB2",0.0126969846324138
"GAL3ST4",0.0130624044038518
"MPP1",0.0131826945223742
"SRGN",0.0136787135385943
"ZNF571",0.013948894954714
"WNT10A",0.0140835685031582
"G0S2",0.0141285807768647
"CACNG5",0.0145032769640303
"MAP1B",0.0146348666169791
"COL6A3",0.014732825992025
"CHMP2B",0.014739197966524
"ST6GALNAC3",0.014921200506109
"TXK",0.0149905138172985
"HS3ST3B1",0.0150807991479929
"TBL1XR1",0.0151282383569907
"SLCO2B1",0.015345335029696
"P2RX3",0.0153641842716013
"ZNF333",0.0155001669248822
"PTPRN2",0.0157549050426493
"APOC1",0.0157883003049394
"DLX1",0.0158587446811702
"EYA2",0.0159018134717394
"TENM4",0.0159180399954123
"FBXO42",0.016087740523296
"HBA2",0.0161695746456341
"POGLUT1",0.0164494498278031
"PPP4R1",0.016450395914
"ABI3",0.0165750602855088
"MS4A6A",0.016615679118183
"C1orf162",0.0166595793255502
"RNASE1",0.0167923705784382
"VPS39",0.0168152565986112
"GANC",0.0169360732301426
"LAT2",0.0170346363643509
"TMX3",0.0170464910517497
"DLX5",0.0173071121822102
"SP140L",0.0173435953188427
"EFCC1",0.0174312077597107
"AIF1",0.0174459638290811
"NRXN1",0.0177364200438214
"NOL4L",0.0183125824731305
"SPP1",0.018340166843956
"UBE2G1",0.0185542421818015
"KLHL15",0.0186704315752855
"WNT2B",0.0187127150221218
"CBLB",0.0188356940895035
"PDGFC",0.0192450449927538
"WDR26",0.0193172295546952
"ZBTB44",0.0193823857510143
"MYLK",0.0194320243947651
"DLC1",0.0195408968709054
"RGS2",0.0196430941167259
"OLFML2B",0.019687421471822
"HTR2B",0.0197465277686208
"ZNF836",0.0197744375791237
"HIF1A",0.0199677081983765
"HAS2",0.0202725295945073
"ISM1",0.0203468531801532
"USP6",0.0207015449363811
"ZNF587B",0.020776746620641
"PAFAH1B2",0.0208049246115225
"ZNF570",0.0209274505948327
"SPON2",0.0213416051925387
"ABCA4",0.0213615806271853
"COX15",0.0214052472377799
"ADGRL4",0.0216704055631834
"LRRK1",0.0217542752887051
"PHC1",0.0219493484501065
"ST3GAL1",0.0221954827902229
"VPS11",0.0223253384896046
"RUNX1",0.0224812816702436
"WNT11",0.02252719197236
"KCNH7",0.0226911357710904
"PAPOLG",0.0228230233159753
"ZNF671",0.0232236173442709
"NKRF",0.0233234936377279
"SH3TC1",0.0233419221448417
"ZBTB10",0.0235544234769113
"PHKB",0.0239048450635598
"MEFV",0.023948039710914
"NFKBIA",0.0245105047234685
"TULP2",0.024514077323925
"HHIP",0.0246040058534031
"CYFIP2",0.0247225661807754
"TOP2B",0.0248922633286182
"MT-ND6",0.0251151679037069
"ATG2B",0.0252167670513769
"SELPLG",0.0252820944862249
"OSGEP",0.0253005587598941
"RAB21",0.0253188756385478
"SKOR1",0.025489390596695
"ETS1",0.025632164180163
"WNK3",0.0256757805281166
"MRRF",0.0259738636376456
"NSMAF",0.0261427796436214
"ABL2",0.0263152092367436
"C12orf4",0.0263670234479113
"TMPRSS3",0.0264614861454586
"DSEL",0.0264861284545318
"WFIKKN2",0.0266375063354159
"ERG",0.0266876182192082
"ANKRD50",0.0267182958432601
"NCOA6",0.0267421028674466
"IRF4",0.0267585394389969
"LCP1",0.0268185306140436
"EMILIN2",0.0268239247484567
"TIA1",0.0268348423868057
"ADCYAP1R1",0.0268844917056196
"TFEC",0.0269932258471742
"ZNF586",0.0270932910508848
"RNF144B",0.0273027793195478
"PCDHA2",0.0276372781222502
"KLF2",0.0277903342494026
"MACF1",0.0278294629198552
"CPNE1",0.0278634798570479
"NFIL3",0.0280089115040452
"ONECUT1",0.0282101118878448
"ZNF614",0.0282954059342936
"EDN1",0.0282996858344878
"ITIH5",0.0283938831036371
"SLC35D3",0.0284407494911518
"CFD",0.0284532242976703
"KCNE4",0.0284633658275786
"PPP2R3A",0.0284756135766324
"TGFBI",0.028497833117536
"ALDH8A1",0.0285780870111629
"CD37",0.0287831668713745
"NCOA3",0.0288187178519079
"ITM2A",0.0288665632928015
"ST8SIA6",0.0289781825384855
"ZNF415",0.0289929015252127
"SATB2",0.0290238402738562
"PCDHB16",0.0291738570194384
"ALDH1L2",0.0292719339656901
"PEG3",0.0293672887424783
"OTX2",0.0293835047759046
"ANXA3",0.0293873971205449
"C1QB",0.0294340180008649
"SLC6A5",0.0296312472441557
"ZSCAN22",0.0298308243806348
"NR2F1",0.0298432090509652
"ZDHHC5",0.0298979550108895
"SLC25A34",0.0300850560081819
"ADGRL2",0.0303447670195666
"ABCA13",0.0306807856303772
"SULF1",0.0307352777078891
"USP4",0.0309761734692441
"MUC3A",0.0311225197171695
"MYF6",0.0312736500981929
"KANSL1L",0.0313521808146435
"NF2",0.0314224106366472
"SF3B1",0.0314302553655221
"LRCH2",0.0315994047353158
"DLG1",0.0316462229144926
"SERPINE1",0.0316856429625727
"PAX3",0.0317060872919111
"PRPH2",0.0317571399528588
"NOLC1",0.0318647200619464
"EREG",0.0319478097488626
"CEP350",0.031995959665047
"FAM20A",0.0320438685068484
"ADAMTS9",0.0320529696708088
"MTUS1",0.0322800607808941
"DDIT4L",0.032345838760817
"CLEC3B",0.0324147843042732
"FKBP15",0.032415772376437
"MUC19",0.0324380263871896
"LHX6",0.0328265843047691
"TRPV4",0.0329336284690997
"SEL1L",0.0330528597744822
"SIM2",0.0331659801490996
"KPNA6",0.0331863437462148
"NUMB",0.0333890920770336
"KIAA0232",0.0335057766039141
"ANKRD13A",0.033673207247693
"VSX1",0.0337264491625931
"TRAPPC6B",0.0337297561606579
"CSF1R",0.0338415585598358
"ZKSCAN8",0.0340101311067149
"ROBO1",0.034019996188145
"ZNF12",0.0340900564059716
"ARHGAP36",0.0342890488542598
"LYPD6B",0.0343108048702784
"LONP2",0.0343446464381516
"CMKLR1",0.0345048003293692
"HSPA13",0.0346684947334962
"CFAP52",0.0348141410148705
"ZSCAN12",0.0348536642779746
"WDR36",0.0350348969610701
"KRBOX4",0.0350527244094886
"MMP2",0.0350568429124603
"ESAM",0.0351608137841801
"OLR1",0.0352406081653956
"LPAR5",0.0352657447131541
"GDF7",0.0352955405646451
"IDO1",0.0353350301544456
"C3orf70",0.0353669051614426
"WDR43",0.0353734921379102
"GLCE",0.0354116295894759
"PYCARD",0.0355446605029958
"ZBP1",0.0356016163025816
"TUBE1",0.0358149988112889
"STAM2",0.0358166118658368
"TOR1AIP2",0.0361587243960761
"C11orf65",0.0362027407862542
"CTTN",0.0362089734044341
"SLC38A11",0.0362223751064564
"NR2C2",0.0362399756817327
"ACTA2",0.0363175669001543
"POGZ",0.0364190612032256
"ZNF451",0.0364385747784853
"ENAH",0.0365392559700926
"DYNC1H1",0.0365424396853545
"TRAPPC8",0.0367577486613708
"ZNF284",0.0368198249192884
"SOX10",0.0368462892893753
"SKOR2",0.0368502071784971
"TUFT1",0.036897820988482
"HSPB8",0.0369149544184458
"CD53",0.0373819737898523
"ZNF431",0.0374531989333694
"CERS5",0.037514036737724
"FOLR2",0.037572129611927
"S100A10",0.0375991900846096
"ZNF33B",0.0377245135541165
"DLGAP1",0.0378795005315777
"CDK19",0.0384218712214763
"BCL6",0.0385113893676935
"TSHR",0.0385521676480584
"ARIH1",0.0386504477371578
"SLC30A8",0.0386888494618219
"DNER",0.038718483076752
"ZNF711",0.0388389054296984
"TBX15",0.0388803697548071
"FOXC1",0.0390159053214895
"ZNF549",0.0396424915598499
"EFEMP1",0.0398389900810709
"BMP4",0.0399409999093285
"CCDC102B",0.0400087315473374
"STK38",0.0400974119463309
"SSH1",0.0402864224654362
"HLX",0.0402935035010781
"CPEB4",0.0406165240817624
"SCGN",0.0407062503488729
"ZNFX1",0.0408937445498691
"DGKK",0.0410205711128387
"CDC16",0.0410622322260504
"GSX1",0.0410778070644516
"PRSS36",0.0410962997219856
"CD180",0.0415276476567812
"ZEB2",0.0415595979469028
"IGFBP5",0.0415942847609756
"LGMN",0.0416467325962742
"PI15",0.0417735024386542
"CH25H",0.0421204291750553
"DISP3",0.0421268052651225
"IL16",0.0422973167674924
"BMP8A",0.0423532232179012
"DSG3",0.0424455366667401
"CHI3L1",0.0424463782746789
"GABARAP",0.0424739729894352
"TRA2A",0.0425410973086986
"TM4SF1",0.042753136514105
"TNS3",0.0428413197543323
"ZIC3",0.0428611905140714
"MYL4",0.0430778052935766
"OSBPL9",0.0432550056297777
"TMEM127",0.0432961875133897
"HMCN1",0.043296805069652
"PCSK9",0.0433017354480393
"NAA30",0.0433369509994976
"ZNF559",0.0433532927285113
"MAPRE2",0.0433733438524483
"SOST",0.0434443550251244
"MLH3",0.0437234688807765
"NGRN",0.0438017877270748
"FGL2",0.0440588290476229
"RNF135",0.0442379166584981
"EPHB6",0.0442887321816409
"CNFN",0.0442971722461046
"PGR",0.0443808749605345
"TULP4",0.0444031581486814
"ANKRD42",0.0444297901588534
"CXCL12",0.0445670256218065
"BMP8B",0.0445895183439605
"FCER1G",0.0448790544448271
"CYB5R4",0.0448853350987979
"LRP2",0.0449083263629516
"IFI27",0.0449377949906546
"ADAM8",0.045175658345606
"KBTBD8",0.045450359655823
"HMGCS1",0.045515962472828
"PRKAB2",0.0457180343656024
"ZNF331",0.0458697225749599
"HIF1AN",0.0458734950304415
"SLC2A1",0.0459062884772605
"SLC4A1",0.0459149236256948
"TTC19",0.0459309559531429
"TTR",0.0460596419213373
"ZBTB40",0.046703587516293
"SYNJ2BP",0.0470840620954402
"USP31",0.0471799043850543
"CARD14",0.0472903330504331
"FAP",0.047408449775699
"GPR83",0.0474097898141571
"KLF7",0.0474468100599307
"VCPIP1",0.0475645841358311
"NXF1",0.0475658380853342
"INO80D",0.0476628209678784
"TRIM9",0.0477571531719695
"IRF8",0.0480210018743899
"KCNG2",0.0482747263730153
"UGCG",0.048441485602267
"SEC31A",0.0486657002258987
"GPNMB",0.0489960750620932
"GRIN2C",0.0490909267692623
"RASSF9",0.0491759561932032
"TRO",0.0493095980459525
"ZNF627",0.049420326043281
"CEP68",0.0494582319575352
"ARMC8",0.0495389291966717
"CD74",0.0496396231514426
"CSNK2A1",0.0497708456060754
"ZNF529",0.0500249032465398
"RHBDF2",0.0500871551664795
"NUP160",0.0501861790980013
"WDFY3",0.0502290973299445
"HSPA1A",0.0502705719423655
"LRPPRC",0.0503368705497159
"C9orf72",0.0503404630835779
"ZNF207",0.0505161238484902
"FBLN5",0.050538829314743
"SNTG1",0.0508006178978339
"ZFHX3",0.0508643801583132
"LAMC2",0.0509124566215748
"GALNT14",0.051110658395287
"OLFML3",0.0511397636556226
"PRDM2",0.0514427460902638
"BMS1",0.0514803996034662
"CCK",0.0516522039167
"CEMIP",0.0516644034947793
"BMPR2",0.0519631464443038
"PXYLP1",0.0519848977404926
"SRPRB",0.0520196115514688
"CD14",0.0520942941774011
"TMEM52B",0.0522280522890301
"KNL1",0.0523561344337704
"A2M",0.0523662939429699
"ATG12",0.0523904991163511
"CFAP70",0.0524964357419072
"STRN3",0.0525827625058227
"ZNF124",0.0526113596450805
"USP30",0.0527615402656392
"ZNF101",0.0527648890363479
"UNC119B",0.052828096140379
"TET2",0.0528899104296665
"IRX5",0.0529498647363534
"TSHZ3",0.0529760884549731
"ZNF804A",0.0529851202690689
"TYR",0.0529905120074904
"BMP2",0.0531183164697864
"CC2D2B",0.0531435455483021
"AREL1",0.0532164249770312
"PAPPA",0.0533320995369332
"INHBA",0.0536298356313975
"KANSL1",0.0536356093992312
"NID2",0.0536825347832024
"SULT1C2",0.0537520224810758
"NFRKB",0.0538756744867851
"SEC23B",0.053947525326989
"IL11RA",0.0541252972544526
"STAG3",0.054211932908255
"ZKSCAN2",0.0543031120972874
"RANBP10",0.0543330581731784
"PIP4K2C",0.0544033922049512
"ZNF135",0.0544993779699335
"LPIN1",0.0546356334405318
"TMEM108",0.0546471993396343
"HERPUD1",0.0547832413197902
"THUMPD1",0.054787741212074
"MED13L",0.0548385160132961
"ALG6",0.0549356997679867
"GYPA",0.054968263026512
"ZNF484",0.055387493212096
"PEG10",0.0554266906730729
"VWF",0.0554683388993071
"ZNF562",0.0556992664106045
"ZNF587",0.0558685339372348
"NSMF",0.0559707230174707
"CAPZA1",0.0559742187749861
"UNC5D",0.0559873990343573
"OTUD4",0.0559983789156969
"PAPLN",0.0560613194823184
"RICTOR",0.05607858449221
"ARL6IP1",0.0561269744970629
"EIF1AD",0.0561330688050003
"GDAP2",0.0562970320766997
"FLNC",0.056421676755281
"DCUN1D1",0.0564576375176394
"IRS4",0.0564814927686703
"PSD2",0.0565491350661876
"POU4F1",0.0565625228631909
"TRDC",0.0565804906261147
"DCX",0.0565835671081546
"TMC5",0.0566332502871079
"PRRC1",0.0566450454827026
"CAMSAP2",0.0567160652531719
"MFAP3",0.0567290899382782
"RPN1",0.0567698994855413
"RASGRP3",0.0568450154305393
"CUL4B",0.0569984276573446
"S1PR2",0.0574828238218291
"ABCA8",0.0577708184214944
"KANSL3",0.0577767947703447
"MTPAP",0.0578475813483142
"RANBP6",0.057868135910088
"L3MBTL3",0.0579791210443967
"C17orf80",0.0580045327484594
"C6orf141",0.058063274600685
"CERKL",0.0580655922021981
"NOP58",0.058240401656528
"COL3A1",0.0582667855509682
"SBNO1",0.0584466504878551
"NPAS4",0.0584846206897726
"APLNR",0.058496334203317
"USPL1",0.058527950376541
"ZNF782",0.0585367860314463
"ZSCAN23",0.0586154133095306
"ADAM28",0.0586656141708753
"COX18",0.0587596697859517
"CCNJL",0.0588546129055742
"LANCL3",0.0588669616575384
"IL1A",0.0589809322128697
"PRRX2",0.0591583572311499
"TXLNA",0.0591720810737074
"ONECUT2",0.0592521523772007
"FBXW2",0.0592819202851235
"PXDNL",0.0595331622133786
"RSAD2",0.0595579858622444
"EVA1A",0.0595948700461679
"RHOH",0.0596256920796373
"UBE2W",0.0598853818511755
"ADAM10",0.0599427802427456
"PRKAB1",0.0599823068556949
"CASC3",0.0601271665554734
"ELMO2",0.0601394677630831
"LMBRD2",0.0602042308122977
"GRAMD1B",0.0602975633995108
"SLC23A1",0.0603366769814385
"PFKFB3",0.0604318705586561
"MLPH",0.0604562050320769
"SSR1",0.0604637458912952
"PDPR",0.0605618775629384
"RALGAPB",0.0605618841284358
"ZFP28",0.0608200757301891
"ALS2",0.0610234213901347
"MMP16",0.0610526656268899
"SLC5A3",0.0610568232707685
"FREM3",0.0611579455470609
"FMO1",0.0612284460742241
"SORL1",0.0614695572750652
"RNF38",0.0615751254880629
"KREMEN1",0.0615939145972478
"EPG5",0.061771270103605
"PLCG2",0.0617996823242524
"POLD4",0.0618418790338538
"DKK1",0.0619480936628806
"SLC26A7",0.0619964314705018
"EEF1G",0.0620252901210751
"SLC29A3",0.0620287364164177
"MAP3K19",0.0622986150874782
"SP100",0.0624843497031932
"PHYHIPL",0.0625384381593879
"NTF3",0.0626113008276235
"EPB41L3",0.0626510317879038
"COL25A1",0.062739155170765
"SUGT1",0.0628217009118584
"STEAP3",0.0630793935325343
"KLF11",0.0631263411777276
"ITGB3",0.0631601795940347
"LAMB4",0.063203978555976
"PTAFR",0.0632148276273141
"ADAP2",0.0632932621975523
"KDM6A",0.0633956306777066
"RUNX2",0.0634558450549207
"SLC39A13",0.063581958632342
"GLG1",0.0636618490718716
"SLC25A30",0.063725731065576
"ZNF488",0.0637415894900398
"NOL9",0.0637515063072931
"EYA4",0.0639427371051747
"BIK",0.0639623402502913
"HIPK3",0.0641905225333152
"NEU3",0.0642768187759171
"ECM1",0.0642851422205478
"AP4B1",0.0643286424416526
"SCYL3",0.0643360545880158
"PGBD1",0.0643392576332863
"C2CD4B",0.0643494693451947
"SEMA3A",0.0644164137221706
"TANC2",0.0645797915944464
"PDGFRA",0.0645950773502249
"CDV3",0.0646451065764079
"IFNGR1",0.0646613404600159
"EBF2",0.064784173918669
"HERC4",0.0648278518401768
"SMOC2",0.0649060391300501
"TCN2",0.0649229713863625
"RBM26",0.0649998263396183
"VWA5B1",0.0650151403262609
"CNOT6",0.0657293070787271
"ZNF121",0.0660388561729084
"PRPF39",0.0660401241103837
"TCERG1L",0.0660449712343321
"TRIM38",0.0663531202866963
"DSCAML1",0.0663736677984293
"TCEANC2",0.0663757799129263
"CDH5",0.0663913623041763
"TRIM22",0.0664502516158164
"FMO5",0.0666036680111331
"FASTKD1",0.0666811436204641
"BNIP2",0.0667614903064918
"JAK3",0.0667650074668904
"ADAMTS17",0.0668398239694131
"NKIRAS1",0.0668985666516931
"PIK3C2G",0.0669746117881177
"OAS3",0.0670176612164516
"PZP",0.067065711086167
"RBM18",0.0670827751937582
"ANKFY1",0.067180527575713
"NTS",0.0672402140924811
"PSMD5",0.0673520043196209
"PPT1",0.0675349349397351
"CD109",0.0675357945027394
"HARS2",0.067539385980235
"CFB",0.0677691597305017
"ZNF426",0.0678072071826135
"TTI2",0.0678085947262525
"LMTK2",0.067811203040605
"EXOSC6",0.0678640363245414
"CP",0.0679058293749455
"RALGAPA2",0.068029728398936
"PPP1R12B",0.068117496111024
"LST1",0.0681494765804621
"SET",0.0681623222694979
"USP24",0.0681907921072485
"S100A11",0.0683006355438605
"PPP1R15B",0.06834161946697
"DNAJC13",0.0683588168778605
"ZNF410",0.0683756249531244
"RMND5A",0.0684144597600249
"FAM89A",0.0684191418764771
"TMPRSS7",0.0684994823887584
"DACH2",0.0685746836312428
"KCNQ5",0.0685955634115092
"TMEM119",0.0686004559244883
"SLC22A23",0.0688162803534254
"SLC39A11",0.0688266317041451
"PLIN4",0.0688398860201462
"ZNF660",0.0690255439112434
"TREM2",0.0691249288904981
"TDRD6",0.0691803829073713
"SERINC3",0.0694663541351948
"MSRA",0.0695953758278833
"ADNP",0.0697072576531455
"SLC3A1",0.069724616387208
"ELP3",0.0697542610467118
"MTO1",0.0698340856395703
"ARHGAP1",0.0698955058241095
"RGS10",0.0699386658059293
"ALOX5",0.0700020035680951
"SEC31B",0.0700635591298758
"COL1A2",0.0700689983676271
"SYK",0.0702620933239098
"CXCL8",0.0704010633746403
"SNRK",0.0705512227364117
"ZNF700",0.0708292938024736
"TTN",0.0709232792974138
"KDM5A",0.0709986607892125
"MAPK1",0.0710472206512961
"DACT2",0.0710591747668558
"UBA7",0.0711369596413306
"SLC7A5",0.0712214783630838
"SERPINF1",0.0712700435500325
"FAM210A",0.0713341301493353
"SGPL1",0.0714841088037813
"SMU1",0.0717190853726711
"BICD2",0.0718453527192229
"SSH2",0.0718477165835711
"SLC2A3",0.0718754220549657
"LMO1",0.0719974473482533
"IRX1",0.0720443622379383
"TNFAIP2",0.0721015298363579
"ZNF285",0.0722570018731625
"NPR3",0.072344909930105
"LAMC1",0.072409923543133
"IBTK",0.0724658354625499
"POP1",0.0725298802123747
"GPD1",0.0730219283689988
"CABIN1",0.0731049867708271
"LATS1",0.0732685256672889
"ZNF558",0.0734154384925809
"PIP4K2A",0.073538219445187
"POLR1B",0.0735453324714295
"MAP1LC3C",0.0735507871474391
"IL12RB1",0.0736063920231564
"FBXO48",0.0736947122557955
"FSTL5",0.0736967281770982
"PRPH",0.0738316148929446
"PPP2R2B",0.0739990357834751
"MYO5B",0.0740160333373071
"SMARCA2",0.0740176423544153
"CRYAB",0.0743408657516622
"IKZF1",0.0744722192041965
"PIKFYVE",0.0745194196693445
"DMBX1",0.0747353241090043
"RGS5",0.0750553762003942
"EFR3B",0.0750607152955478
"LRP12",0.0754949131143284
"AKAP9",0.0755067230811325
"GPATCH1",0.0755311664482419
"ZC3H10",0.075887392518206
"AMER2",0.076122312811086
"FECH",0.0761478855255125
"CLASP1",0.0764176339614785
"MEGF9",0.0764266451787689
"IPO5",0.0764358841799697
"LTC4S",0.0764399547303612
"MLH1",0.0764486724562145
"FBXL20",0.076471984040606
"ZNF613",0.076605990575672
"UNC5B",0.0766354037807588
"ADAMTSL1",0.0766971383742318
"SLC17A6",0.0767405713017357
"TMEM132C",0.0767503563362682
"S100A4",0.0768297178815513
"VPS54",0.076993898458998
"ZNF30",0.077011573145193
"MTMR2",0.0770402878632357
"ZNF684",0.0771428164280314
"ASPN",0.077147834608152
"PARD6B",0.077149438742064
"BEST3",0.0773211743713546
"PPP6R3",0.0773218855219382
"EGFL7",0.0775427832930714
"HMCN2",0.0775923484258883
"PDCD11",0.0776301061514274
"ZFX",0.0777307182031608
"APOBEC3D",0.0777337420210052
"CLEC7A",0.0778162020246526
"NKTR",0.0779015763026427
"CD4",0.0779047669643821
"ZNF577",0.0779562775799364
"ZNF235",0.0779951969192014
"NCALD",0.0780938296625315
"VIPR2",0.0781115804377588
"SYNJ2",0.0783237273307864
"EPHA4",0.0783399381576312
"FAM76A",0.0785276923148522
"LCLAT1",0.0785623226462968
"RHBDD1",0.0788358977882741
"MME",0.078850524988585
"CYP26B1",0.0788642049715614
"STAT2",0.0788952131053826
"BAG4",0.0790109549220418
"GRIA3",0.0790997552625187
"CADM1",0.0792029083832924
"B3GNT2",0.0792067220660125
"DCP1A",0.0792482680104945
"MOSPD1",0.0793790062955863
"SMAD2",0.0794286317335254
"PIGG",0.0794407274403826
"TAB2",0.0794604335317983
"PAIP2B",0.0794692557370684
"GFRA1",0.0798100115196777
"SPTLC1",0.0798402572191513
"ITGA8",0.0798679877355462
"MED1",0.0800401771112285
"P2RY13",0.080046291151825
"SLCO5A1",0.0800566221903117
"DAB2",0.0801058657932873
"TRHR",0.0801222968204356
"XPO5",0.0801234322142572
"CSPG4",0.0801844936884667
"CELF6",0.0802146642792882
"ATP11C",0.0804994340088908
"TATDN2",0.0805209573249144
"SLC16A3",0.0806322209308808
"DCAF17",0.0806473813264965
"SGO2",0.0807491041722176
"ATRIP",0.08083684188778
"OGT",0.0811312698244347
"MOB1B",0.0812991845815315
"THSD7A",0.0814557186414755
"RAD54L2",0.0814818506072887
"ZNF133",0.0815283736187376
"SAMD8",0.0816349780686932
"NBR1",0.0818685212412547
"FBXW4",0.0818926231423769
"BRWD1",0.08198534667551
"ASB14",0.0820542709502782
"DPP8",0.0820699194369233
"PCDH8",0.0820885203092307
"ZNF136",0.0821313631504928
"USP3",0.0821449410610061
"CA8",0.0821801239243485
"SLC26A4",0.0822384765021071
"VIT",0.0823927277801969
"KBTBD2",0.0825262557122799
"AGBL5",0.0825984209661893
"FGD6",0.0827677203625679
"LCOR",0.0827888497039809
"CTSB",0.0827945824515927
"COL6A2",0.0828919943767275
"SLC33A1",0.0830195266904012
"FAM186B",0.083026309784709
"MIP",0.0830638040070505
"IGFBP7",0.0831389352785677
"API5",0.0831482371813261
"ZNF391",0.0833173885697634
"RCBTB1",0.0833274372925986
"ZNF461",0.0833498732974967
"ALPK2",0.0835127413762767
"SAR1B",0.0835561162042222
"MX2",0.0836099239211267
"FGF5",0.0836128280356968
"KCNA3",0.0838018143172438
"KLHL28",0.0839117100183514
"GEMIN5",0.0841521746473289
"LARP4B",0.0841862750044527
"RTTN",0.0842316958641833
"HSPA6",0.0843729500108705
"EBF3",0.0844115284296389
"HSD17B2",0.0844870892870955
"BTN3A1",0.0846541301768577
"DPYD",0.084660177962441
"SERINC5",0.084685043665672
"IFITM2",0.0848057538668022
"DKK2",0.0848157400199603
"C18orf25",0.0849778419256317
"DCUN1D3",0.0849907648187681
"PAQR3",0.0850041647566941
"GORASP1",0.0851157112440649
"MED23",0.0851936024130886
"ITGB1BP2",0.0854043163229155
"LANCL1",0.0855993956090442
"BNC2",0.0857374704126991
"CD160",0.0857982132616436
"C1QC",0.0858173346353073
"CCDC7",0.0859767418041518
"BEND3",0.0860767998975693
"SLC39A9",0.086129084584192
"CCNT1",0.0862273021680834
"CEP97",0.0863918273016764
"RFX5",0.0865347241490265
"VPS45",0.0866271522824692
"PLCB1",0.0866623140901233
"ATP2C2",0.086682803868426
"CDH7",0.0869191254155845
"TRRAP",0.0869932281489165
"CGNL1",0.0871849388155835
"GIMAP4",0.0872245642934113
"ZNF286A",0.0876303362955809
"RAB2B",0.0876853049914933
"ATF3",0.0879400355497951
"HSPA5",0.0881178413457068
"MAP4K2",0.0885444665342792
"CABLES2",0.0885848704078438
"RBM47",0.0887292577453564
"SLC22A3",0.0887861366728398
"DENND4A",0.0888742417446041
"EAF1",0.0889822879180112
"ZZZ3",0.0889888745726088
"PLAU",0.0890542971956252
"VPS13D",0.0892091396523483
"C3",0.0892311407447463
"HEATR5B",0.0892886005958973
"VWA3A",0.089324410656736
"TSC22D2",0.0893622011766915
"PROM1",0.0894865195849188
"SENP5",0.0895836371811549
"GTF2E1",0.0897259434900604
"ALKBH8",0.0897707854230217
"ZNF438",0.0897890182539268
"OR51E2",0.0899152621729004
"SNX30",0.089938421907383
"VAX1",0.0900287653067997
"MIB1",0.0900802319497422
"ZBTB34",0.0900964140174973
"RERGL",0.0901935311672597
"MTX3",0.0904882971609679
"ST8SIA5",0.0906132241363378
"LUC7L3",0.0906991539676184
"BIRC6",0.0907617910136073
"KLRC3",0.0908368357194123
"DOCK11",0.0909332231806781
"CACUL1",0.0910055563328977
"TADA1",0.09100859142675
"NRK",0.0912243418223136
"ACVR1",0.0912988299066447
"PCF11",0.0913579603637798
"GLP1R",0.0915999791221482
"SLX4IP",0.0919502350283664
"COPG1",0.092018053397882
"INTS9",0.092173376323966
"ENPP2",0.0924047492198341
"SNCA",0.0924162203154468
"PCDH17",0.0924331406845058
"HS3ST1",0.0924655098210095
"COLEC12",0.0925746904986141
"CDR2L",0.0928078259280387
"ARF6",0.0931984086552919
"HSPH1",0.0932664801567202
"PTBP2",0.0934023935725148
"PSD4",0.0936449555361533
"SAR1A",0.093700134379597
"GNAT3",0.093727034275265
"CRH",0.0937904001373596
"NPC1",0.0938007633087397
"ZNF84",0.0938363263411683
"ACKR1",0.0939263647450432
"AHR",0.0939374108444255
"DUSP19",0.0939938448745255
"RAD52",0.0940215422430555
"INSR",0.0941160362320084
"CSNK2A2",0.0941179864016752
"ZNF300",0.0942828999020068
"PARP12",0.0942917061384807
"CUBN",0.0942963923545856
"CNIH3",0.0947488358330451
"ID2",0.0948826814424774
"PPP6C",0.0949821206141365
"WNT5A",0.0952741916750431
"PDK1",0.0953949541831226
"PIEZO2",0.0954304199275409
"ZIC1",0.0954422011476434
"RIN2",0.0955277600414508
"GBP3",0.0955867017616748
"NDUFA4L2",0.0956743902758344
"YOD1",0.0956974764301508
"C6orf62",0.0957555048535229
"PRSS23",0.095787774161308
"TES",0.0960845318438494
"ESYT2",0.0961081200283918
"MYOF",0.096442716624332
"SPAG17",0.0964490749240995
"GTPBP2",0.0965454235046655
"EML4",0.0966445404362381
"TRIB2",0.0966502579940088
"NAPB",0.0967053796599615
"GDA",0.0967368820819887
"MS4A8",0.0967819972166822
"SERTAD4",0.0967861425504185
"NTNG2",0.0969127801930393
"LCNL1",0.0969898331919444
"COL6A1",0.097138010066088
"CFAP43",0.0971420253290824
"SGO1",0.0972089820833991
"NPY",0.0972462135816482
"NT5E",0.097251313578536
"ITGA10",0.0973923314922294
"KAT7",0.0974558021796289
"CDC23",0.0976965267654671
"PCYOX1",0.0977412474619945
"TRAPPC5",0.0979024104891848
"PCDH19",0.0979410503492233
"ENTPD1",0.0981573419021686
"SLC12A2",0.0983831797336807
"SLC8A1",0.0984416311492902
"CFAP47",0.0984870105909442
"MON2",0.0985431446266853
"FAM149A",0.0987244039988879
"MYH10",0.0987573354316792
"ADAMTS20",0.0987917435017269
"RNF185",0.0988229306433551
"SUSD3",0.0988389032308297
"CALCRL",0.0988993266033342
"TLR3",0.0990042277813776
"SEC24B",0.0991634107067239
"ZNF345",0.0993248295427499
"PAMR1",0.0993611833026139
"SLAIN1",0.0994372166974007
"ABRACL",0.099604731393037
"CEP41",0.0996098931476639
"VCL",0.099687643665951
"RC3H1",0.0996885069994639
"MICAL2",0.100256137298556
"CPED1",0.100497162599573
"AQR",0.100576198695569
"SH2B3",0.100766524810816
"SCN1B",0.100834315331861
"MED14",0.100865986893688
"NOL6",0.100897404273557
"C5AR1",0.100934959293272
"CNOT1",0.100957079654027
"TCF4",0.100970800198106
"ADPRM",0.101005799315689
"IFITM1",0.101007602456355
"SLC26A2",0.101009388643123
"COL1A1",0.101017168830563
"TBC1D24",0.101094406400006
"KRT31",0.101122534097006
"ADD2",0.101153166258664
"SLC7A1",0.101316627997058
"MARCKS",0.101428597419134
"SLC30A7",0.101479274226225
"BMPER",0.101522428265682
"CPSF6",0.101561809351245
"RNFT2",0.101842787981057
"CEBPA",0.101938998777032
"CPOX",0.102034227238339
"HSPBAP1",0.102119845812859
"SERPINI2",0.102158706406677
"ARRDC3",0.10220020090345
"CNR1",0.102273177563378
"TMOD1",0.10227423874242
"CDKN2B",0.102296721282017
"KLHL31",0.102313227618037
"FAR1",0.102506942701455
"CELF2",0.102573754022226
"MED13",0.102616818978547
"RNF34",0.102898563798233
"DOCK8",0.102918010381647
"TBXAS1",0.102944569053425
"B3GAT1",0.103062720971295
"GPR63",0.103096221467771
"RBM28",0.103218236139148
"CSMD2",0.103242531588164
"SOGA3",0.103311751130363
"FAM229A",0.103359718814695
"GPR183",0.103867220691958
"ELMO1",0.104298869521257
"EFCAB13",0.104427273816922
"LUM",0.104492850973551
"NXPH3",0.104562245234394
"AEBP2",0.104771774943251
"POLR3E",0.104778231316343
"FNDC3B",0.104942742791075
"ANKRD44",0.104968387151937
"KCNG1",0.105081198826389
"LIN37",0.105168508585775
"IFIT3",0.105171299313368
"CTR9",0.105198480752771
"ARRB1",0.105244630174761
"AHCTF1",0.105335107288372
"RCOR3",0.105346636539205
"PSME4",0.105363329256864
"RBM23",0.105766717377025
"WDR7",0.105925023582872
"USP37",0.105953960386281
"MAP3K5",0.106031950031823
"GABPB2",0.106248349363929
"KMT5A",0.10626914121068
"C2CD3",0.106287069835651
"IL6R",0.106390875440967
"POLR3B",0.106599563631774
"BLVRB",0.106615685955211
"GDAP1",0.106728265739577
"SLC7A11",0.106890249105331
"CLASP2",0.106970484890207
"PAX2",0.106986164370063
"MX1",0.107063914079457
"PIFO",0.107150252593541
"UHMK1",0.107170161517239
"SLC44A1",0.107244243444402
"ZMYM1",0.107389550269913
"TTC17",0.107485482924488
"SUOX",0.107531789624007
"ERCC6",0.107656816994688
"FAM171B",0.107673476525679
"IQCJ",0.107699537537101
"PLSCR5",0.107768467246248
"CORO1C",0.107779353788893
"PHF10",0.107876872587491
"TRIM66",0.107909231372112
"HARBI1",0.107945418407529
"TOB1",0.108171592963268
"COL4A4",0.10823594319044
"SERPINB9",0.108281785966712
"CAPRIN2",0.108344422453858
"SLC38A5",0.108470331117508
"SLC13A4",0.108491402042332
"MAK16",0.108576012427636
"GLE1",0.108840265689179
"BCKDHA",0.108916218609748
"ITGB4",0.1089425004698
"IGFBP2",0.109030288913015
"LY6E",0.109055258583859
"CBLN1",0.109064517961895
"PDS5A",0.10907295522693
"MEGF11",0.10921689320019
"DMTF1",0.109251624535709
"OPCML",0.10932497938224
"NSUN3",0.109345876393589
"TRH",0.109350564228417
"JAZF1",0.109590847929425
"SYCP3",0.109718188723111
"RAB22A",0.109937503465426
"LILRB4",0.109983140147395
"CCL3",0.110124733351162
"LRRTM4",0.11013518248387
"ARNT2",0.110217454798862
"HACE1",0.110221029111065
"CSRNP2",0.110240482767335
"CDH6",0.110286107420655
"SHTN1",0.11029849996609
"MAK",0.110323727126756
"DYRK2",0.110397457974962
"SHB",0.110400717964092
"KDR",0.110417213390159
"ADAMTS12",0.110561355294499
"ST7",0.110593988017761
"RBM39",0.110646446159216
"PRRX1",0.110761707452251
"CFTR",0.110843787408939
"CRTAC1",0.110859706872036
"CHST11",0.110923457076856
"ADAMTS2",0.111049453026743
"CLEC19A",0.111053133879786
"CPLX4",0.111089444410364
"FAM168A",0.111094280409801
"PRRG3",0.111295393714458
"OTOGL",0.111442637619636
"MEGF6",0.11171853578874
"ZNF37A",0.111883045149029
"PFN2",0.111901266640655
"NUP88",0.112091769843096
"POU6F1",0.112147760284695
"CASP2",0.112291331056543
"PCDH7",0.112303165408945
"SULF2",0.112388628530769
"DCUN1D2",0.112427769736859
"CHRNA3",0.112512272168343
"KIRREL2",0.112590038308718
"NR3C2",0.112606277071502
"TGFB2",0.112778688449715
"IFT140",0.112881353819654
"KPNA2",0.113054952422254
"ZNF404",0.113071288717734
"DNAJC16",0.113147553743368
"USP40",0.113232670457109
"C1orf54",0.113277537936455
"SLC5A7",0.113304467139318
"MPPED1",0.113344027556239
"NAT10",0.113420735141092
"EDC4",0.113559450864126
"RBM48",0.113678593220452
"USP44",0.113706607569722
"NPAT",0.113742249010454
"CRYM",0.113816813383097
"GUCD1",0.114010179383813
"PDIK1L",0.114029409970411
"TFRC",0.11405934686783
"SEH1L",0.114158545690263
"OTUD3",0.114275071376176
"SETD5",0.114394774330642
"SRSF3",0.114733060776404
"GCSAML",0.114779175392528
"PHTF1",0.114856703526516
"TTL",0.114893609938444
"UBE3B",0.115227340463379
"GALNT15",0.115468724317266
"BRD8",0.115588345735086
"PLAC8",0.11581644343297
"COL4A3",0.11645499201407
"DAPK1",0.116567135284456
"ENC1",0.116624609518513
"TMEM87B",0.116697580608615
"PCDHA9",0.116827566657631
"ZNF491",0.117037463643802
"FAM20B",0.117267778662603
"BLOC1S3",0.1173493515164
"ZNF253",0.117368984108097
"NCBP1",0.117414877998862
"STC2",0.117490987108276
"CHD3",0.117502638042323
"NPNT",0.117974605578602
"EFNA2",0.118056539491852
"KLHL5",0.118078404454355
"ICAM1",0.118174099921797
"ZNF546",0.118269837577986
"C3orf62",0.118328194954033
"PRDM10",0.118381246651653
"RAP2B",0.118438517762842
"PTPRK",0.118504319184205
"PTEN",0.118556727266995
"HIPK1",0.118673990905847
"METTL17",0.118781140355991
"VPS13B",0.119015316622643
"GTF3C3",0.119125895905648
"CS",0.119174206756954
"SCD",0.119180568086455
"DIP2B",0.11922981042843
"PRLHR",0.119292084424716
"PLPPR5",0.119398341785488
"ADAMTS16",0.119574410927539
"GRHL1",0.119616233601549
"SH3PXD2B",0.119708468249275
"FOSL2",0.119958267983703
"INTS6",0.120057857590642
"SMYD4",0.12008718894137
"KDM3B",0.120111626900745
"NEK9",0.120174658775555
"CHI3L2",0.12020647371272
"WNT3",0.120340315535777
"DOCK5",0.120410633389317
"CD101",0.120479549692203
"CHRNB4",0.120622455839863
"SYT9",0.120756206527035
"PLK2",0.121043206405905
"PPARGC1A",0.121203813414622
"BIN2",0.121209928252376
"ZNF75D",0.121353794390915
"DLX6",0.1214888458186
"EGFL6",0.121535611709539
"TOMM6",0.121643381037337
"ZNF681",0.121674990047925
"ZDHHC2",0.121757336575927
"PIAS1",0.122337798966297
"BROX",0.122396310390349
"KCNH8",0.122399208457127
"SLC35D1",0.12245229278005
"VSIG10",0.122574397546397
"PCSK5",0.122770557314085
"FLVCR1",0.122876568873096
"MFSD2A",0.123040891371982
"PDCD6IP",0.123174201498374
"ZNF155",0.123300850843645
"COLGALT1",0.123357061724599
"FOXP4",0.123484671363774
"CRKL",0.123524737274397
"ATR",0.12352489689233
"ARID1B",0.123615655890825
"TEX15",0.123652015040232
"ADAMTSL3",0.123690059265111
"QSER1",0.123820453507367
"VSNL1",0.123868646496388
"ZNF596",0.123955528035585
"SETDB1",0.123982132171624
"IRF2BP2",0.124193094463641
"ADAMTS18",0.124253946064582
"DCDC1",0.124538293874289
"PLEKHM3",0.124678697021164
"DMXL2",0.124707419259369
"GADD45B",0.124986731189471
"SLC39A12",0.125013277349013
"XPO4",0.12506271871576
"SPON1",0.125229445828421
"ZNF107",0.125498860652541
"SOX4",0.125659243852638
"CABP7",0.125813548420097
"CACNA2D1",0.125857778502577
"MT3",0.125934959725876
"GTF3C2",0.125946923555339
"PDS5B",0.126001000471793
"ABCG2",0.126060855152886
"FNIP1",0.126107968266964
"ZNF112",0.126220111358167
"ENTPD7",0.126224109899021
"NDST3",0.126504382262636
"UPP1",0.126535165379597
"SLC38A2",0.126550604991348
"EXOSC10",0.1266117021235
"FREM1",0.126734310212018
"DNMT3A",0.127191425214713
"PRPF38A",0.127209445347238
"RAB3B",0.127297742904552
"AMFR",0.127415294155307
"ARSJ",0.127657440011816
"XAF1",0.127775611772591
"DUSP6",0.1277854035213
"EML6",0.12785197089839
"SHC1",0.127892135720563
"CMPK2",0.128120770328896
"BGN",0.128164387171587
"INTS8",0.128201614362515
"MECOM",0.1284198628751
"GAREM1",0.128524455352536
"ECEL1",0.128941861469639
"MXRA5",0.128943511145729
"DTWD1",0.129036566198258
"DNAJB4",0.1291929684188
"KLF8",0.129232032488143
"NUDT19",0.129253647027499
"THBS1",0.129397780522596
"PAX5",0.1294115370027
"TM4SF18",0.129527446081742
"COL5A2",0.129647348180259
"TP53INP1",0.129903776205483
"TMEM67",0.130018951559292
"MAP3K1",0.130052676294733
"SPHK1",0.130073380192958
"NWD2",0.130081580740798
"MAML3",0.130185457106218
"THOC2",0.130232472974066
"CLDN5",0.130418629814029
"OLIG1",0.130904163752035
"SYNDIG1",0.130921493647539
"TMEM209",0.130996289763816
"GPR34",0.1314321307514
"CRIP1",0.131487129353371
"GPC5",0.131591968806199
"NUP153",0.131873030497366
"RTN1",0.131945156197723
"RIC3",0.132018508482879
"ST6GAL1",0.132110249733028
"PPP1R14C",0.132177279811402
"TGFBR1",0.132232335296673
"EDEM1",0.13238910585521
"CDKL5",0.132449149747229
"LGALS1",0.132532788853236
"LTB4R",0.132586891823038
"CTSH",0.132595693909623
"IBA57",0.132711388338248
"TMEM245",0.132826987751942
"NNMT",0.132863855286411
"RSPO2",0.132914251436388
"SRCAP",0.133166751600074
"NHSL1",0.133255073698335
"NUP155",0.133267309159204
"PROSER1",0.133316938943056
"TOX3",0.133401411652287
"ENO3",0.13363836408879
"PAN3",0.133773383856984
"TRPC3",0.133837476847943
"ANTXR1",0.13387186856521
"RGMB",0.133892533008832
"CHP1",0.133941476696109
"ATP6V1A",0.134055412212026
"LRP6",0.134165923378559
"IGF1R",0.134199004091259
"PCSK1",0.134390520074525
"CLOCK",0.134420090114951
"MYD88",0.134699270868216
"ADCYAP1",0.13473478047918
"FTO",0.134831726739637
"EIF2S3",0.13483367439983
"DCUN1D4",0.134881595158085
"VSTM4",0.13489361196397
"SETBP1",0.13498688699026
"ST8SIA1",0.135163495332778
"PASK",0.135169007172188
"PPP1CB",0.1352860966444
"ZNF347",0.136032307079356
"ADM",0.136241851503172
"CAMK2D",0.136410571259014
"CDK17",0.136583019785672
"GDF10",0.136603490906531
"PRKCA",0.13675466031117
"NRP1",0.136838239673889
"IRAK4",0.136885655000198
"ASB7",0.13695706339308
"PEAK1",0.137004434924348
"CCL2",0.137180384501343
"FAM149B1",0.137183128325909
"CYP26A1",0.137227391839113
"HERC5",0.137246290496116
"PIRT",0.137508588341636
"GJA1",0.137619125957863
"EMP1",0.137859799062528
"KIAA1217",0.137984676553807
"NASP",0.138060249296233
"TLK1",0.138157587491883
"EGFR",0.138283984271476
"VEGFA",0.13836479113783
"PLXDC2",0.138425247633315
"LIMCH1",0.138430818824332
"SEMA4D",0.13855239464765
"KLHL25",0.138722837067232
"P2RX7",0.138745609426931
"PPAT",0.138857165589808
"GRIP2",0.138979018256566
"AMPD3",0.139279291596076
"C2orf68",0.13935817990354
"LHX9",0.139457719933391
"LARP4",0.139496177085456
"GALR1",0.139602622568841
"THADA",0.140035908344165
"BZW2",0.140274366720626
"GCNT2",0.14027536322726
"RASA1",0.140344620984718
"LMX1B",0.1404697078783
"DCN",0.140658147058716
"ANXA2",0.140717240727704
"ADAM12",0.140965349835535
"ARHGAP28",0.140970406254089
"CPNE4",0.141110681171045
"SLC1A2",0.141158554953993
"CDH10",0.14134544782757
"LRRTM3",0.141363148635891
"DNAJC3",0.141650062582263
"OTUD7B",0.141736903527549
"TPBG",0.141933644297783
"TUB",0.142054814578623
"DNMT3B",0.142170997030739
"HELQ",0.142179509523643
"TMCC1",0.142238850495563
"NEUROD1",0.142271041383613
"PTPRQ",0.14231186719881
"AP3M2",0.142479954774635
"ZNF329",0.142553041549153
"EYA3",0.142553229793594
"COL22A1",0.142556734958024
"CCDC80",0.142622310860836
"MAP4K3",0.142818110543038
"PRKCE",0.143194784579794
"CXCL2",0.143237884209741
"BHLHE41",0.143248427131232
"CDCP1",0.143251910270935
"RRAGD",0.143303182296671
"ZSWIM5",0.143382407569856
"SCN7A",0.143388416811472
"GLRB",0.143478119998925
"EPHA5",0.143563203744069
"DNAH10",0.143602152495714
"F5",0.14380251536838
"SP4",0.143843194961792
"CNNM3",0.144076817798884
"ELOVL6",0.144186570092896
"SACS",0.144277608670612
"DIO2",0.14449102158947
"ATRNL1",0.144619255906108
"CASD1",0.144830867357457
"MYO5A",0.144849837524189
"DAW1",0.144890962241422
"COL26A1",0.144996468984661
"MSL2",0.145087637186788
"ELAVL2",0.145140348482591
"HK2",0.145483048527531
"CXCL14",0.145499336756573
"SATB1",0.145591422807232
"SLFN11",0.145639363167494
"NR2F2",0.145766664788566
"DCP2",0.145993611077264
"GPR137C",0.146141393869645
"STMN2",0.146175625396139
"TRERF1",0.146324392152622
"ATP13A4",0.146379120001663
"FAM117B",0.146620568137503
"KCTD12",0.146736866537761
"C5orf22",0.147006762683346
"NUP205",0.147162227079328
"EPHA7",0.14721456391393
"LAMP5",0.14722594933689
"APOL6",0.147483905999324
"PIK3R4",0.147646904670674
"PCSK6",0.147957659085859
"STT3A",0.148144800492606
"GPR153",0.14826791146358
"PTGDS",0.148292240684505
"FAT3",0.148317456142971
"TMTC1",0.14849237734453
"NDNF",0.148610622477663
"OBSCN",0.148811616309305
"OPHN1",0.148853695125087
"TPPP3",0.148972254933546
"LRP8",0.149004852231224
"ZBTB18",0.14901802194012
"SH3BGRL2",0.149102111068568
"CHSY1",0.149303780318795
"RSPO3",0.149413338923396
"AGO1",0.14944923170439
"MAPK1IP1L",0.149452180658653
"EFR3A",0.149884956904025
"PDE5A",0.150064471544196
"SCG2",0.150170918695827
"LMO2",0.150367034064513
"NT5DC3",0.150703293033636
"KLF4",0.150707436422811
"SLC44A5",0.150732254510929
"POC1B",0.15073488668137
"ZBTB25",0.150781540621908
"PBX3",0.151089212289674
"COG2",0.151199278472453
"PTPRM",0.15127777022117
"CEBPD",0.151320353201891
"ETNK1",0.151324766589179
"KCND3",0.15145470123102
"ACVR2A",0.151519622294128
"EOGT",0.151560707861669
"ZNF521",0.151865290181631
"PDE1A",0.15188898411293
"SKAP2",0.151907704464508
"PLXNA2",0.151943288868181
"ADAMTS1",0.152006711427019
"PTPRG",0.152067701670248
"PPP1R9A",0.152178917376362
"PCDH11X",0.152269467207611
"DTNA",0.152285003815951
"CCDC60",0.152315740959588
"CCDC88A",0.152682444047435
"INF2",0.152855671560334
"NCKAP5",0.153076152400573
"MSANTD2",0.153271370743318
"CSTF1",0.15330229492881
"MDGA1",0.153468279844019
"IL1RAPL2",0.154026044386019
"AKAP7",0.154328100554818
"RAB9B",0.1546047380277
"HELB",0.154656916561575
"ZNF473",0.154745211821977
"FBN3",0.154817627160659
"ST8SIA4",0.154911213307504
"PTPRD",0.154982102068
"C1orf198",0.154999845906643
"COL4A1",0.155032147628251
"NRP2",0.155061206046602
"GRIA1",0.155265362385786
"ITM2C",0.155351897320097
"KAZN",0.155386621433022
"TGM2",0.15574924608681
"KCTD16",0.156203966756481
"SSTR1",0.156252894854419
"MSS51",0.156487371807534
"GATM",0.156494803602446
"HGF",0.15651104895544
"KCNJ8",0.156642743954989
"ANXA1",0.156691798255867
"SH3BP4",0.156814670421174
"TRPC1",0.156892622660641
"ACAD10",0.156986701057392
"DNAH9",0.15704944660188
"CDKN1A",0.157133057655089
"CTPS2",0.157135287575718
"USP54",0.157366169220575
"DHX35",0.157378991228473
"SHISA2",0.157787956970935
"SLC30A4",0.157990179595635
"NHS",0.158175190411773
"SNX25",0.158352474569486
"NAV2",0.158395303699431
"RELN",0.158431887628407
"TMEM39A",0.158443973482185
"OSCP1",0.15854823286401
"CLDN10",0.158919447665168
"SEMA3D",0.158932217733111
"IGSF21",0.159166914772271
"PEX5L",0.159464484192917
"GPR37L1",0.15948964580902
"PDGFB",0.159589893352408
"OTULIN",0.159684518243811
"TMPRSS13",0.16023198753134
"APOOL",0.16023396673123
"CASK",0.160244728788749
"CST3",0.160284853626233
"PRSS12",0.160353974983461
"ELN",0.160412931920434
"PRDM15",0.160419089905201
"ROBO2",0.160633796345027
"ABCA1",0.160634023771284
"AGT",0.161171681063755
"LDLR",0.161180280242956
"CADM2",0.161468874435787
"BCOR",0.161571330749607
"GIMAP7",0.161587145806692
"COL16A1",0.161631543740428
"SLC16A14",0.161743253728835
"MAOB",0.16208674910333
"DPF3",0.162172922529143
"DEPDC5",0.162206444380591
"MEIS1",0.16233146464532
"TRPC5",0.162379388107146
"FOXP2",0.16248082389877
"NFKBIZ",0.162485960592086
"FCER2",0.162853218149655
"HIP1",0.162941816518218
"SEMA6A",0.162978533852932
"DNAAF1",0.163060715458973
"DCT",0.163272919923612
"CD33",0.163282433592373
"PTGER3",0.163333954622448
"CELF3",0.163664484289073
"DHX15",0.163808973285966
"PDK4",0.16420889964573
"MAP3K4",0.164222333676533
"LAMA2",0.164236108533937
"TMED8",0.164348547479363
"ATOH8",0.164386973484806
"ACKR3",0.164418813020097
"ELMOD2",0.165171974690002
"RNASET2",0.165257387541093
"TTC39C",0.165378023002007
"CNTN2",0.165404700343385
"MYO16",0.165485310728094
"MDM2",0.165500665075168
"EMB",0.1655467064683
"RGS16",0.166184201626844
"KIF27",0.166531443912708
"COL18A1",0.166589433057464
"RBFOX2",0.166879414105548
"PARM1",0.166952607064283
"HTR7",0.167018439780402
"LZTFL1",0.167028380655653
"INPP4B",0.16710703218957
"SLN",0.167179149959937
"DLX2",0.167295790135946
"TP53BP2",0.167402876646561
"KLHL13",0.167739563414396
"DCLRE1C",0.167937691549302
"ZNF516",0.167966747064708
"CEP112",0.168040309376472
"CLSTN2",0.168110646663162
"TRIM45",0.168334817305259
"ATP11B",0.168460046506896
"LPGAT1",0.168575712961244
"GAS7",0.16876558380148
"DDR2",0.168875211273829
"ERMP1",0.168980550707842
"LYVE1",0.169013298972673
"QRICH1",0.169140669908846
"IFI16",0.169211745081448
"UACA",0.169268224576129
"DOCK4",0.169336780155563
"ZFHX4",0.169701708713789
"RASAL2",0.169705390866974
"B3GALT1",0.17001431527182
"DOK6",0.170040420767795
"TMTC3",0.170053862713966
"POU2F1",0.170205979844484
"AKAP12",0.170417555173499
"ARID2",0.170728585109201
"ARMC9",0.170920040121856
"BCL11A",0.171315603347159
"COL21A1",0.171334494384411
"KLHDC8A",0.171423489851483
"ESRRB",0.171729880695261
"WWTR1",0.172074003515838
"USP18",0.172082486926438
"WDR49",0.172122203338448
"PPP2R5C",0.172203563250333
"APOE",0.172288410441932
"LIME1",0.17270233108057
"SV2C",0.173257954873147
"C2CD5",0.173279968981392
"ARSB",0.173429698520363
"ZNF423",0.173464610862137
"PTPRU",0.173870508462888
"REEP3",0.174059752666283
"ETV6",0.174106658411501
"LMO3",0.174357207895328
"MYB",0.174449633703821
"KLF6",0.174456694909333
"COL9A3",0.174663077256135
"GSE1",0.17471307980896
"TTLL5",0.174913745486104
"MAPK15",0.174988341166479
"IPO9",0.175140347728203
"KCNN2",0.175265210402979
"KCNJ2",0.175738663315719
"PDP1",0.175866870864919
"RAB3IP",0.175898286748028
"PAPPA2",0.175943428014669
"IFIT1",0.176060839404052
"NETO2",0.17608260391737
"BTG1",0.176555376918424
"CSE1L",0.176659685257525
"C5",0.176708645420793
"ITPR2",0.176709626856981
"RASGEF1B",0.176768829154695
"SPARCL1",0.176846512084561
"DNAH7",0.17692923148284
"CXCL3",0.176980325932009
"PLEKHA5",0.177012832911791
"ZMAT4",0.177098804036413
"MLLT3",0.17730029905038
"DACT1",0.177366831093202
"ABHD15",0.177425626902632
"IFIT2",0.177514554527986
"KIF21B",0.177666243590177
"LGI2",0.177724244914574
"PODXL",0.177840220370805
"CTTNBP2",0.178039396661689
"GPCPD1",0.178669211071311
"GALNT10",0.178728643924714
"SYTL4",0.178735453129794
"HSPA1B",0.179053010688594
"PDE4C",0.179084385190803
"WDR35",0.179350340395292
"WLS",0.179479584212971
"NAGA",0.179632547113511
"IFI35",0.179740600446009
"COL12A1",0.179750017528168
"ATP2B4",0.180353373749143
"MASP1",0.180708838482126
"DNAJB1",0.181097500165906
"TRPC7",0.181355418956096
"HDAC9",0.181362549995005
"C8orf34",0.182447651484634
"SST",0.182489602389727
"KCNK1",0.182528385444019
"HTR2C",0.18261926137976
"CFAP54",0.182932720851582
"GNG4",0.183001539487878
"RPE65",0.18330633447962
"RAVER2",0.183481024612135
"ARHGEF12",0.183634893113264
"VASH2",0.183976138430952
"TBC1D5",0.184152092516843
"GLIS3",0.184210129066033
"FREM2",0.184742066702931
"OLFM1",0.184755164718857
"SF3B3",0.185324100946042
"NEB",0.18557902309522
"ELAVL4",0.185779216559652
"RNF217",0.185886314963871
"MOB1A",0.185944687263423
"PTCHD1",0.185946707101613
"PCDH1",0.186486203016284
"CCSER1",0.186607258593825
"EVA1C",0.18711238184732
"OMG",0.187754215182838
"STAT1",0.187812194147324
"KIT",0.187881136277478
"PRDM8",0.188021112637678
"GPR149",0.188352043161694
"PLCB4",0.188696828891496
"SIN3A",0.188761265419036
"RYR3",0.188785443596515
"TARBP1",0.18881112382167
"VLDLR",0.189150408361212
"ANK2",0.189391399881366
"AP1S2",0.189645711845057
"HYDIN",0.189889744559011
"PID1",0.189916217690498
"DCC",0.190322446704481
"CBLN2",0.19036363993108
"NSUN7",0.190450767739579
"RGS17",0.190616722832155
"MSH5",0.190772572283271
"MAGI2",0.190913587477872
"AUTS2",0.191216721981716
"EPSTI1",0.191280760181709
"NR6A1",0.191311866612057
"SP3",0.191517750486881
"WIF1",0.191818432143673
"MGAT4A",0.191881195578512
"FOXG1",0.191976766424825
"NLRC5",0.1921451617835
"MCC",0.192238693503421
"PGGT1B",0.192430157664775
"OPRM1",0.192611923399904
"SLC17A8",0.192631944020793
"NEUROD6",0.192670785572745
"SEL1L3",0.192773574015869
"MSH2",0.192808835930616
"PDK3",0.193102059227281
"CEP128",0.193264753934317
"ADRB2",0.193333149495821
"CADM3",0.193461602981536
"SLITRK2",0.193821121915291
"DTHD1",0.193923345930678
"KCNQ3",0.193964549240497
"RAB11FIP1",0.194245284771287
"CCDC178",0.194320131833435
"LDB2",0.194564229525304
"KCNK2",0.194610456192404
"IMPG2",0.194688443640747
"CNTN3",0.194740119502695
"INCENP",0.194745053487251
"IMMP2L",0.194931784020146
"METTL7B",0.195046529283468
"SH3RF1",0.195104801020134
"S100PBP",0.195489921224245
"EIF4EBP1",0.195958336419069
"RAP2C",0.195981230505728
"SLC35F2",0.19598598883234
"TMEM132E",0.19608781790448
"OSMR",0.196300655382678
"ARHGEF33",0.196337824696272
"SFMBT2",0.196425999039972
"REPS2",0.196655382514329
"ANKRD10",0.19683485449581
"SFRP2",0.19703025495592
"SOX5",0.197344376348457
"CBX5",0.19737957172843
"MATN2",0.197475828412011
"CALB2",0.19762863357314
"EPB41L4A",0.197700924047687
"TMTC2",0.197824156672798
"ABCC9",0.197828435768938
"NSG2",0.197875739705731
"ENDOD1",0.197879525031693
"COL24A1",0.197911028115541
"EPHA3",0.197967157156919
"EDNRA",0.198376707468777
"LYST",0.198556883859307
"DGKI",0.198657607395457
"SLC23A2",0.198703459164785
"CDKL1",0.198723009271657
"GBP1",0.199183411706176
"SLC38A1",0.199595008807708
"NEFM",0.200034217425386
"SDK1",0.200247714537837
"ITGA7",0.200260925631157
"ST18",0.200293462473117
"TTI1",0.200483678792591
"EFNB2",0.200569883726544
"ADAM33",0.200990778775524
"PLEKHH2",0.202130803796096
"CDH12",0.202225477339888
"KCNJ3",0.202711114198954
"AFF2",0.203001259471394
"CDH20",0.203275003069818
"ASTN2",0.203299167957401
"CCBE1",0.203620925456556
"PARVA",0.203628919330892
"NFIX",0.204178800899003
"ADRA2A",0.204306700274017
"IFI44",0.204549017623112
"PDZRN4",0.204644946945322
"GSN",0.204894323956625
"METTL21A",0.205150667238641
"ANKS1B",0.205217355743091
"FAM118A",0.20563169801463
"IFIH1",0.205903487454528
"UNC80",0.206009520785967
"CLIC4",0.206491230272723
"MKLN1",0.206546773338009
"AMPH",0.206806058524754
"DOK5",0.207275969359253
"ANGPTL4",0.207294366266196
"PDE1B",0.207450032624941
"PSMB9",0.207606095241862
"PLXNA4",0.207673466598453
"OPRK1",0.208134391020131
"HECW1",0.208814016438639
"CEP135",0.208817774414464
"MADD",0.20932730111892
"SPRY2",0.209338066309432
"PLOD2",0.209416680368956
"FBXO32",0.209437557762398
"MBNL2",0.209626078218422
"SEZ6",0.209649268003641
"SCUBE3",0.20994217992185
"MT2A",0.210184760199736
"RND3",0.210367838280607
"KALRN",0.210439149537756
"NHLRC2",0.210674315937325
"CACNB2",0.210826056890538
"TLL1",0.210870810155418
"RBBP8",0.210992143585112
"NFASC",0.211039448719635
"MERTK",0.212258732144197
"COL23A1",0.212468237992585
"PMP22",0.213176243208564
"CCDC39",0.213299486207737
"PDZRN3",0.213362918711499
"RFTN1",0.213381718098558
"POSTN",0.213516402874791
"ST6GALNAC5",0.213834677544748
"CTNNB1",0.213877800797297
"IGF1",0.214000761178035
"JKAMP",0.21418180144412
"CORIN",0.214346028757916
"GABRG1",0.214360993264834
"RHAG",0.214372779341983
"C1orf112",0.214533979648097
"MYT1",0.214989934463586
"ABCC4",0.214996171923557
"TRIM47",0.215337435920684
"CBFB",0.215425109351161
"IGSF11",0.215767109390263
"MAP3K8",0.215996025231783
"ARID5B",0.216088962877981
"CDC42BPA",0.216192068215684
"STRIP2",0.216426172395082
"ASXL3",0.217223095422276
"ACSS3",0.217334984705766
"SYNM",0.217673333328847
"ABCD3",0.217802396309188
"KIF26A",0.218029561281715
"MGST1",0.218151504631366
"DRAXIN",0.21825660565715
"GREB1",0.218299731171889
"PDE1C",0.218890004298097
"SYT4",0.21902859176475
"PLS3",0.219069155821011
"FOXP1",0.219110904634522
"HS3ST4",0.219154004196641
"SAMD9",0.219177985234333
"PLTP",0.219182417628884
"ITGAX",0.2195655798213
"ANO3",0.219582384080969
"FOXK1",0.219611859743524
"DARS2",0.219868052045829
"CLIP4",0.220374753414111
"IFITM3",0.220383144275087
"ADRA1A",0.220423890830323
"KLF12",0.220674283513753
"FIGN",0.220698451127555
"WSCD2",0.22080447972529
"LSM11",0.220879440901583
"AQP4",0.221145278356262
"PLEKHG4B",0.221216626983296
"SYNPO2",0.22138117859657
"DKK3",0.221411958714133
"THSD4",0.22146337596014
"NRN1",0.222720308616789
"NEUROD2",0.223152197497685
"GLDC",0.223325934545123
"GJC1",0.223627984408307
"NTNG1",0.224231379189154
"CTSC",0.224380678277688
"CD44",0.224394822568569
"UNC5A",0.224576690138951
"SRBD1",0.22482142646745
"CXADR",0.224891775086423
"BBOX1",0.225032648581263
"CDH23",0.225262972176034
"C1orf226",0.225608390479855
"NAALAD2",0.225883972178266
"PAM",0.225964653266845
"SOCS3",0.226054677987581
"PNMA5",0.226197598778973
"CA2",0.226486684614556
"MBNL1",0.226651631521529
"MTHFD1",0.226663215681173
"DOCK10",0.226932582340092
"MTBP",0.22699636379409
"LAMB1",0.227013924012574
"AKAP6",0.227201501548117
"GLB1L2",0.227441790733562
"LRRN1",0.22749138926338
"ZNF43",0.227617442365544
"KCNJ6",0.227677954214792
"GRM8",0.227755839760304
"ZC3H12C",0.22865368992774
"ATP10B",0.228683558955311
"BDNF",0.229049725267322
"LMO7",0.229393191748639
"PTN",0.229692824528778
"COL14A1",0.229733682649711
"TIMP3",0.230508095615897
"MAPK4",0.230664763344729
"PLP1",0.231625147201847
"SEMA5A",0.2317468336479
"SPHKAP",0.232560598392537
"BRINP2",0.232568134272939
"DAP",0.232644840070963
"ANKRD6",0.232648805874792
"NRCAM",0.232656579120798
"RBMS1",0.233062934637829
"IGDCC4",0.233096988007934
"S100B",0.23314231654655
"ZIC5",0.233166254858843
"CLMP",0.233262383207641
"CSF1",0.233315804060031
"WWP1",0.234187823006141
"DGKB",0.234479625326264
"LRRN3",0.23451177393538
"ZMAT3",0.234670036928223
"CPSF3",0.234682761291255
"LGR4",0.234722886672867
"KHDRBS3",0.234773271767883
"ACTN2",0.23486435320083
"OSGIN2",0.234875912660404
"NSG1",0.234964246015654
"ZGRF1",0.23516078132491
"HS3ST2",0.235301428073851
"NMI",0.235608955668331
"PALMD",0.235919096665619
"FABP7",0.23623294314333
"NEUROG2",0.236409438443592
"VGF",0.2366490774921
"RIMBP2",0.237082883641537
"CENPL",0.237093574541811
"ZNF385D",0.23723246001779
"SLC6A15",0.237399153572284
"GREB1L",0.237591610969351
"GRID2",0.23811263519938
"SLIT1",0.2385270174521
"SAT1",0.238746364474554
"KAT2B",0.239237570869157
"CNTNAP2",0.239260224612161
"GADD45A",0.239260743546716
"BST2",0.239492670999615
"SLC24A2",0.239718513128517
"INSM1",0.239747965333178
"DDX60L",0.240044669285999
"GEN1",0.240466338820737
"FSTL4",0.240553020751356
"PCDH9",0.240752189549366
"S100A16",0.240776688967391
"SORCS3",0.24084640568767
"ESRRG",0.241034121220998
"RDH10",0.241185006334152
"KCNC2",0.241588936300075
"SIPA1L1",0.242048222225534
"FEZF2",0.242102433412829
"NUP107",0.242412431132997
"BICC1",0.242514872878514
"TAC1",0.242741464831789
"FN1",0.242980475130979
"PCP4",0.243183536650276
"PARP8",0.24354205453875
"TLE1",0.243826783194778
"SLC4A4",0.243843084915225
"CENPJ",0.24402341647707
"CTPS1",0.244256062214923
"SLC9A7",0.244356967370703
"DLL1",0.244473015526847
"SSTR2",0.244589244607196
"ST6GAL2",0.244680403087235
"SLC6A1",0.24476798101973
"PCDH18",0.245148323086691
"HKDC1",0.245252072996404
"LRBA",0.245622605471353
"EDNRB",0.245667220429622
"SLC20A1",0.245828393369977
"ADAP1",0.246161156841678
"MEIS2",0.246196431609909
"C1R",0.246492628242672
"TBR1",0.246601242236129
"PROX1",0.246697757031022
"SLC35F4",0.2466988906718
"IFI6",0.246994856441312
"SEMA6D",0.247003302045705
"DTX3L",0.247012034486826
"SLC4A10",0.24709528273626
"JUNB",0.247149140362122
"DDIT4",0.247472652048567
"CDH9",0.247641148879006
"MAF",0.247788584276369
"GLRA2",0.248029522455042
"PCDH10",0.248151025913282
"DPY19L1",0.248527092159683
"ILDR2",0.248816802881756
"DGKH",0.248827332970875
"BCL11B",0.249367619201475
"LPAR6",0.249710570676678
"CXXC5",0.249973173883816
"ITPRIPL1",0.250458829728225
"DDAH1",0.251372508075533
"RUNX1T1",0.251741388451486
"CACNG3",0.251855420732569
"VCAN",0.252265112844546
"NAV3",0.25232743909701
"DYNC1I1",0.25284192920988
"AHNAK",0.252863975451628
"NETO1",0.252938935532107
"DTX4",0.253243069661035
"NTRK3",0.25334495263692
"LAMA4",0.253506359376554
"THRB",0.25371280676916
"CPNE7",0.253766702950838
"NKAIN2",0.25386960704271
"GPM6B",0.254167076115623
"SLC7A8",0.254624374628043
"SYNE1",0.254757784236463
"TMEM132B",0.255857280176665
"FRMD5",0.255943233590434
"KLHL4",0.256321519721152
"CADPS2",0.256734143439499
"CRHR2",0.257031579098124
"MAPK10",0.257080001683455
"ADGRL3",0.257787961990046
"THSD7B",0.257934056712743
"IL1RAP",0.258105449588969
"NPTX2",0.258159510450157
"NEDD9",0.25816198423522
"MDM1",0.258361792370972
"SPNS2",0.258477982811008
"PLK1",0.259254867041115
"ZNF730",0.259597129670274
"KCNH5",0.259859166231549
"SH3GL2",0.260136174776175
"KCNK10",0.260293813891832
"NPTX1",0.260454887426878
"C11orf87",0.260757188775372
"VRK1",0.261253107494791
"TNS1",0.261260043995538
"BSN",0.261715428698964
"CDH8",0.261861171621838
"ADGRG1",0.262037921380114
"BIN1",0.262275695377594
"NGEF",0.262486872678393
"AURKA",0.262666372442146
"EFNA5",0.26293432617528
"SAPCD2",0.263296734082809
"WDHD1",0.263542858449712
"DPP10",0.264215400779608
"FYCO1",0.264508270258486
"STK17B",0.264587041799638
"ID3",0.264821743204484
"GLRA3",0.265041327186676
"PRICKLE2",0.265390464216075
"EPHA6",0.265486608273243
"FBXO43",0.26569245251918
"FAS",0.266099074129294
"SEMA3C",0.266283764653238
"MPDZ",0.266368643773172
"NOG",0.266841501815536
"PHACTR2",0.267103174136899
"GLUL",0.267689661239012
"ITPKB",0.267846340855927
"ZIC2",0.268238725248724
"MFAP3L",0.268586556098689
"ADARB2",0.26909977229441
"KIF22",0.269652465504574
"PCSK2",0.269970870683018
"AEBP1",0.2701192501522
"C18orf54",0.270581761366949
"PMP2",0.27069512062995
"LRP1B",0.271094828266168
"PCDH15",0.271267418090095
"COL5A3",0.27182206735778
"TNFRSF12A",0.272611789861609
"PTGFRN",0.272634241206146
"TNR",0.272677878302191
"CADPS",0.272860899842301
"ANOS1",0.27312682866973
"ANGPT1",0.273164560995803
"COL4A2",0.273640848203946
"NCAM2",0.273663955971047
"HEPACAM",0.27459389369659
"RGS6",0.274742000999404
"DIRAS2",0.275163571672829
"ANO5",0.275366326515461
"FLRT3",0.275517522608425
"SAMD9L",0.275909677095781
"FLRT2",0.276054955019181
"COL5A1",0.276512099656333
"NINJ1",0.276618546959664
"ALDH6A1",0.276652478387409
"HEY1",0.277023499363921
"LGI1",0.277607339978109
"AJUBA",0.277613829433773
"CNGA3",0.27775979969229
"PTPRO",0.2777743936597
"HS3ST5",0.278450296078489
"GALNTL6",0.278514894428616
"CENPP",0.278798507593803
"PPP1R17",0.279414710885389
"BRINP1",0.27981341319958
"GABRB1",0.280298139553819
"CENPO",0.280663281748643
"RGS3",0.281138109239217
"PENK",0.281386752037382
"GPR180",0.281504988971706
"WDR76",0.281587075114515
"ARHGAP29",0.281926249068998
"DMRTA1",0.282216457485548
"KIF20B",0.28280914847009
"ARHGEF26",0.282850407172012
"IRF7",0.282893305546183
"PRKD1",0.283081468533386
"GRIA2",0.283137185630185
"SORCS1",0.283256225783102
"COL27A1",0.283256829583452
"GRIK3",0.283326931068429
"VAT1L",0.283380956202659
"CCNB1",0.283606712396053
"TMEM74B",0.28361105541654
"CXCR4",0.284476282442831
"CDK6",0.284645132149202
"ZBTB20",0.284696385682256
"LIN54",0.285026244734545
"FCRL1",0.28504526139817
"FANCA",0.285163054766482
"PLAGL1",0.285455480997184
"CENPI",0.285523036835212
"SLIT2",0.285596751541442
"DSG2",0.28568105155661
"CNNM1",0.285734925556885
"GRIN2B",0.285841816834423
"GAS2L3",0.285956219524773
"CNN3",0.285987767250356
"DEPDC1",0.286219361261304
"HS6ST2",0.286512622624902
"S1PR3",0.286996740558897
"CDH11",0.287342028270112
"MED12L",0.287725359480207
"PDPN",0.288051849824284
"TMEM132D",0.288880317142678
"GADD45G",0.289777679894238
"TRIM5",0.290225149726604
"ARPP21",0.290388751912686
"CD164",0.290524172469397
"CDH13",0.290544021373992
"NFIB",0.291422099960472
"CENPW",0.29150780143968
"FKBP9",0.291694580931595
"ALCAM",0.291855696489498
"RASGEF1A",0.291899837230419
"BMPR1B",0.292335068893455
"POLA1",0.29265268702708
"FUT9",0.292790075057388
"RHPN2",0.293035366037211
"RORA",0.293765653609321
"ID1",0.293779775570236
"EML5",0.294305301457357
"LSAMP",0.295457176597508
"NXPH1",0.295519116956693
"ATP8A1",0.295625003262138
"ANO4",0.296463304735701
"LRRC10B",0.296488240188358
"ATAD5",0.296875450080976
"SERPINI1",0.297141076592794
"CACNA2D3",0.297342956142527
"ETV1",0.297499890896345
"GATA3",0.298090304082968
"FBN2",0.298199513312889
"ADORA2B",0.298855726887522
"CUX2",0.299115932961477
"SLA",0.29920478587985
"FANCB",0.299210360262625
"MCM6",0.299724752707955
"STK17A",0.299961001127149
"TRPC4",0.299980902366914
"MOXD1",0.300032064947643
"ADCY2",0.300165472023233
"DAAM2",0.30028449733801
"MCAM",0.30035914236948
"LINGO1",0.301958967796863
"STIL",0.302103156689138
"MBP",0.302432459809703
"ZBTB16",0.302680733757689
"PRKG1",0.303223989386719
"SLC35F1",0.303296565420488
"SMOC1",0.303457663442052
"DPP6",0.303821519020353
"TNFRSF11B",0.304244306979797
"CDON",0.30433835500022
"FRAS1",0.304829036669653
"GOLGA7B",0.30493233051486
"DNA2",0.305079134973711
"PPFIBP1",0.305468802552769
"NTRK2",0.305703284409223
"TNIK",0.306278643350211
"PIF1",0.306670467711452
"HERC6",0.306731319820511
"NYAP2",0.306969575313857
"SYTL2",0.307505880560285
"CENPA",0.308102391428516
"PLAUR",0.308268795757158
"GAD2",0.309009059625359
"COBLL1",0.309051886199938
"SLC41A2",0.3091308470515
"CHAF1A",0.310046234106955
"NEK6",0.310735541829561
"ACTN1",0.311097040892788
"NEK2",0.311417832065643
"PDE4D",0.31171864262164
"CTNNA2",0.311951437131921
"TRIM59",0.312533129213581
"FOS",0.31309350698908
"DAB1",0.31328151232567
"ACSS1",0.31344629365428
"TTYH2",0.313448237067821
"SAMD5",0.313453515342437
"PNMA3",0.313935274704107
"GRM1",0.314616191166308
"GRIA4",0.314683140413998
"PTCHD4",0.314862491550115
"ITPR1",0.315027584694619
"AJAP1",0.31503404682456
"PABPC1L",0.315398116825901
"CALB1",0.315819996451365
"NEK7",0.316016796956155
"MAST4",0.316153013751035
"UBE2C",0.316164469203589
"MPPED2",0.316227820477352
"DBF4",0.316589611485325
"GPSM2",0.317288635016091
"CEP83",0.317639885637141
"NRXN3",0.317720847483579
"SCN9A",0.317724778505838
"MFAP4",0.318071322895402
"NMU",0.318214878237845
"PARP4",0.318677711714699
"CHST1",0.318738632467356
"CD82",0.318841441908818
"WNT10B",0.319037685810581
"SP110",0.319837213845071
"DSCAM",0.320012540675863
"CACNA1E",0.320678191648397
"STX3",0.320792507810774
"CRB1",0.321854107226099
"SLITRK1",0.322432554768143
"SLITRK5",0.322535785320745
"CFI",0.323736448799167
"ARX",0.32392855068943
"RGS20",0.32396088987175
"SCN3A",0.324540838023746
"VIM",0.324760405446298
"LIFR",0.324779175088742
"JAG1",0.325358317994205
"TEAD1",0.325636170027631
"EFS",0.326139874895511
"NCAPG2",0.326496537774336
"LRRC7",0.326709384536273
"CRISPLD1",0.32731771894375
"ZCCHC24",0.327334954325535
"SMC2",0.327705846816488
"SYT1",0.328077624529343
"CACNA1G",0.328141603248119
"EDIL3",0.328159911075507
"TRPM3",0.328383300609323
"PAICS",0.32864110436631
"LCAT",0.328723047060062
"ACSBG1",0.328996833054522
"SLC1A6",0.329293541259232
"CSGALNACT1",0.32938083856147
"MAP7D3",0.331253096474682
"SUSD4",0.331608380884232
"DACH1",0.332315962945953
"MYO3A",0.332369608107082
"GAD1",0.332650476057544
"DOCK9",0.332673401471551
"WDR62",0.332947186075329
"HMGA2",0.333050493122408
"MEF2C",0.333717149817805
"PTPRB",0.334077948216912
"VWC2L",0.334205461160836
"LPL",0.334384682336974
"ERBB4",0.334610062345223
"MAP7D2",0.334842585867393
"LHX2",0.334852462542849
"FBLN1",0.335044055633421
"PLXDC1",0.335633867793962
"CPEB3",0.335857042940143
"SYN3",0.338701322901517
"PSMB8",0.339616305581094
"NEGR1",0.339882942034132
"CHL1",0.340180863487764
"PNCK",0.340847032530583
"GRIN3A",0.340936510949075
"PREX2",0.341219756163582
"SYNGR3",0.342706445649483
"TAP1",0.343098042115479
"GDPD2",0.343199300020228
"L1CAM",0.343636894169479
"CENPE",0.343707709457908
"CD9",0.344222001734331
"SIAH3",0.344895863147699
"DDX60",0.346562660127621
"MXD3",0.346597930571744
"CCNB2",0.347109143763288
"SLC32A1",0.347491913416623
"POLA2",0.34756176500901
"GRIK1",0.34821717964292
"PTPRZ1",0.348761494996983
"MDGA2",0.350502375839838
"VEPH1",0.350928589280092
"FST",0.350981921386639
"CMTM3",0.351300885018248
"MID1",0.351851036645152
"SPATA6",0.352363578064149
"HCN1",0.352651535197777
"FGF9",0.352818484842241
"SCN1A",0.353895616954001
"APOL2",0.354699745518095
"TPX2",0.355168363852045
"INTU",0.355307192802968
"PARD3B",0.355324685532823
"ANLN",0.355964942439735
"RGMA",0.356659733230155
"LRRC3B",0.356790278296671
"PLK4",0.358006924940002
"CNTNAP4",0.358552861798441
"NELL1",0.358904908485094
"INA",0.359671473358377
"DIAPH3",0.359771337140671
"NCAPG",0.3598113621393
"DLG2",0.359867140277772
"NALCN",0.360123724418196
"LIX1",0.36052176167617
"SPOCK1",0.360648425697923
"METRN",0.360753100588341
"HES6",0.361388197097227
"NEMP1",0.361496366172853
"HES5",0.361908127739604
"SPARC",0.36221727410253
"TTK",0.363661200705635
"GNG11",0.363924139305886
"MCM3",0.363949975868017
"MASTL",0.363979076444074
"CA12",0.366313620096716
"FGFR1",0.366440070807632
"KCNMA1",0.367173012786328
"GRIK2",0.367875599831226
"EOMES",0.368142280970311
"MOV10",0.368554907901801
"SNAP91",0.368969464099023
"SPAG5",0.369103475260324
"MMS22L",0.369340217770607
"CKS2",0.369499849339454
"FAM83D",0.369609152197064
"MCM7",0.369717003838085
"RPH3A",0.370206634004648
"EGR1",0.371372636649413
"NKAIN3",0.372342278633077
"MYBL2",0.372985915746964
"RALYL",0.37342759140209
"CNTNAP5",0.373443362696947
"LGALS3",0.373717889842766
"MOB3B",0.373802313594073
"LAMB2",0.374522532479944
"KNTC1",0.374546081243276
"ANP32E",0.374564071234999
"APCDD1",0.374594491653421
"ZEB1",0.374919065713514
"CIT",0.375311260413179
"UNC5C",0.375386200361832
"ABCA5",0.375546315452222
"ZC3HAV1",0.376071894430038
"RBMS3",0.376860646603627
"ARHGAP11B",0.378174532792493
"ORC6",0.378783345987713
"LAMA1",0.379741448813125
"SYT5",0.380797752657133
"POLQ",0.380912578782185
"ARHGAP11A",0.381688878776263
"HOMER1",0.382397345805736
"AXL",0.382825997501564
"BUB1",0.384259895575693
"DEPDC1B",0.38430183957501
"NFIA",0.384579373938523
"MCM5",0.385047410796651
"CAMKV",0.385344304791459
"BTBD17",0.385813725857253
"PARPBP",0.386023355992941
"ASCL1",0.386116566756087
"ECT2",0.386200415302134
"BDH2",0.386313550146495
"PRC1",0.386662273691179
"NELL2",0.387522379069607
"KLHL1",0.389316915903216
"NEUROG1",0.390599639018927
"CNTN5",0.391443033039519
"XRCC2",0.391466880719921
"E2F1",0.391734703585386
"GFAP",0.392398722504695
"ITGA6",0.392620435212014
"NHLH1",0.393372794217238
"APOLD1",0.393663500380712
"NKAIN4",0.393724745011734
"NEUROD4",0.393862850491577
"PLSCR1",0.394126892069502
"B2M",0.394597911314057
"TMEFF2",0.395125712929053
"EPB41L4B",0.395449912101545
"HMMR",0.39548337277157
"CDKN2C",0.395598773785709
"RTKN2",0.39607609812677
"ORC1",0.396315384838006
"CDCA3",0.396532066861957
"FAM107A",0.397857099178294
"CENPM",0.399425287060974
"CSMD1",0.3995417745817
"KIF18A",0.400110244689562
"ADCY1",0.400621858978909
"LINGO2",0.400668992295736
"FOXN4",0.400819808256491
"FANCI",0.400919678623106
"STOX1",0.401445568353075
"MCM2",0.401723314143201
"TICRR",0.401826412575066
"ASPM",0.403111014085217
"MAGI1",0.40381798683122
"KCND2",0.404488569580188
"TBC1D1",0.404820650229559
"STK33",0.405243219947263
"TOP2A",0.405450140280047
"CLSPN",0.405672724465955
"IFI44L",0.405685943079453
"BOC",0.406659790561949
"PARP9",0.407183881914059
"RAPGEF5",0.408900508732558
"FCGRT",0.410425760195249
"COL9A1",0.410558510589728
"HELLS",0.411564572105533
"BCAN",0.412576459233513
"CLU",0.413374309489662
"CHD7",0.413662399490947
"SCARA3",0.414010442623895
"ESPL1",0.414030613828666
"NDE1",0.414355537805437
"DHRS3",0.414557721167437
"BRIP1",0.416882615175695
"GPC4",0.41694583703931
"KIF18B",0.417002160847096
"PHGDH",0.417166888491557
"PARP14",0.417193644868559
"SLC12A4",0.417219121780535
"TTYH1",0.417889400364992
"NES",0.417916063482144
"CSMD3",0.419596542209455
"C21orf58",0.419862193092881
"UHRF1",0.419930697453018
"HSPB1",0.420364610158945
"TROAP",0.422025852714033
"EXO1",0.423424851592842
"CDC20",0.423609787943349
"PLCE1",0.424042665703539
"ZWINT",0.424481891953216
"CENPF",0.424605952912699
"RAD54L",0.42470329407293
"CRB2",0.425450477677842
"CNTLN",0.425942108862899
"CELSR1",0.42679692085945
"KHDRBS2",0.428071895707204
"RHOJ",0.428781456579075
"ADGRV1",0.429107947979875
"BUB1B",0.42939435969991
"OLFM3",0.430488230794228
"NFATC4",0.430746749824225
"GABRA1",0.430838114830232
"LIPG",0.431032798006116
"DNM3",0.431719171687247
"SPC24",0.433078832357736
"TYMS",0.433771117874703
"LRP4",0.433818342338906
"MIS18BP1",0.434527420965053
"LRIG1",0.435580684038921
"ID4",0.435761801667775
"CKAP2L",0.436063878668051
"E2F2",0.436345111780592
"ITGB8",0.436408959292773
"VCAM1",0.437613653974496
"FAT1",0.438289974912156
"ADAMTS6",0.439408359136066
"QKI",0.439558444603749
"CDC45",0.439804824357302
"KIF20A",0.439877696905218
"KIF14",0.440524473660771
"AASS",0.44354323797817
"CCND2",0.444536751287719
"LITAF",0.444699226791273
"RCN1",0.445097672785946
"CENPU",0.445129340649359
"COL4A6",0.44520360824763
"PTTG1",0.445512316632784
"CDH18",0.445618513898333
"NEDD1",0.446823552624833
"STON2",0.447006477931012
"MAD2L1",0.448042461812034
"HMGB2",0.448681355459425
"TNC",0.448815241260765
"SPC25",0.450379895648563
"ATP1A2",0.450930188362245
"KIF23",0.451523811112036
"F3",0.451713096816339
"SYNE2",0.45193011495767
"ABHD3",0.452181186011248
"TEAD2",0.452451374531026
"SOX6",0.452678667126568
"DTL",0.453029015279297
"CCNE2",0.453629437395597
"FAM111B",0.453731235768622
"KSR2",0.454149725198383
"TACC3",0.454965859974527
"FGFR3",0.455069869284979
"SELENBP1",0.455321915990308
"MCM10",0.455627317506136
"CNTN1",0.455700641768112
"KIF2C",0.457414828716178
"ATAD2",0.457653572491534
"FZD8",0.458416352280327
"NOTCH3",0.458709802480747
"BIRC5",0.459180047950273
"SYT13",0.459343951510431
"IQGAP3",0.459625433416693
"GTSE1",0.460481733039697
"EEPD1",0.460715433556883
"MRC2",0.461900868661452
"LRFN5",0.462448341991501
"FGFR2",0.465600932460908
"KIFC1",0.468270924926537
"PSRC1",0.46840847858009
"PHF19",0.46902248051703
"SOX3",0.469302613725592
"BRCA2",0.469747137383415
"PCLO",0.469749639592756
"MELK",0.469786576957022
"VSTM2A",0.470299544621817
"PHLDA1",0.470332057086108
"MEGF10",0.47141274525269
"KCNJ10",0.473187733787018
"COL11A1",0.473635119006109
"CDK1",0.473654115749628
"RFTN2",0.473975463244938
"BRCA1",0.477699602175046
"CENPN",0.477960788028253
"PTPRT",0.479272048457023
"SLC2A13",0.479344120407161
"NPAS3",0.479774849692088
"SALL1",0.480004835852458
"NEIL3",0.480956885082028
"CEP55",0.481240393477553
"SMC4",0.481762645065698
"GRM7",0.482063379985712
"SKA3",0.48322746342022
"KIF11",0.483672234290258
"DLGAP5",0.484029782966581
"CDCA2",0.484338469793251
"NCAPH",0.485024565324452
"CELF4",0.485405568589319
"NDC80",0.485548701352412
"NUF2",0.487534639460424
"AIF1L",0.48825433078417
"KIF15",0.489180713805451
"FOXM1",0.490636890785722
"HEG1",0.491935930530683
"ZFP36L1",0.492002126897212
"EMX2",0.492357457936113
"SLCO1C1",0.492498522909482
"RRM2",0.494647990050154
"TGIF1",0.495210576052212
"SHISA9",0.495631723227239
"NR2E1",0.496919610942243
"IL33",0.497104363216089
"LTBP1",0.497866209812818
"MKI67",0.498552515445938
"CREB5",0.499416696809729
"AURKB",0.500111933915348
"E2F7",0.500450436177813
"S1PR1",0.500671419976739
"ITGA2",0.500894230266275
"CDC25C",0.504747673645916
"WEE1",0.504810814641415
"DMRTA2",0.504825729052792
"HES1",0.509676085409448
"PBK",0.51008440707718
"PLPP3",0.510145653852358
"FKBP10",0.512319730978474
"CDCA7L",0.515497987216356
"ELMOD1",0.51581451116458
"HJURP",0.518653589152931
"SALL3",0.518954116166371
"SFRP1",0.522799055490972
"IQGAP2",0.523040370380356
"TGIF2",0.526231717941982
"COL4A5",0.535092908891175
"MLC1",0.535236795544881
"FAM111A",0.535812361014227
"E2F8",0.536041205605559
"NOTCH1",0.538756300199695
"PON2",0.546305072733607
"SOX2",0.551632114896244
"MFGE8",0.554851094256857
"NUSAP1",0.555118854022511
"BMP7",0.565953329397464
"SLC1A3",0.575425900760188
"PAX6",0.575448425317136
"CHD5",0.578141076763124
"XKR4",0.579331712638199
"TFAP2C",0.589256271789038
"GLI3",0.602797194600885
"SCN2A",0.619499372100809
